"","Sample-1","Sample-2","Sample-3","Sample-5","Sample-6","Sample-8","Sample-9","Sample-10","Sample-15","Sample-16","Sample-17","Sample-18","Sample-19","Sample-20","Sample-21","Sample-22","Sample-23","Sample-24","Sample-26","Sample-27","Sample-28","Sample-29","Sample-30","Sample-31","Sample-32","Sample-39","Sample-40","Sample-42","Sample-43","Sample-44","Sample-45","Sample-46","Sample-47","Sample-48","Sample-49","Sample-50","Sample-51","Sample-52","Sample-53","Sample-54","Sample-55","Sample-56","Sample-57","Sample-58","Sample-59","Sample-60","Sample-61","Sample-62","Sample-63","Sample-64","Sample-65","Sample-66","Sample-67","Sample-68","Sample-69","Sample-70","Sample-71","Sample-72","Sample-73","Sample-74","Sample-75","Sample-76","Sample-77","Sample-78","Sample-79","Sample-80","Sample-81","Sample-82","Sample-83","Sample-84","Sample-85","Sample-86","Sample-87","Sample-88","Sample-89","Sample-90","Sample-91","Sample-92","Sample-94","Sample-95","Sample-96","Sample-97","Sample-98","Sample-99","Sample-100","Sample-101","Sample-102","Sample-103","Sample-104","Sample-106","Sample-107","Sample-108","Sample-109","Sample-110","Sample-111","Sample-112","Sample-113","Sample-115","Sample-116","Sample-117","Sample-118","Sample-119","Sample-120","Sample-121","Sample-122","Sample-124","Sample-125","Sample-126","Sample-128","Sample-129","Sample-130","Sample-132","Sample-133","Sample-134","Sample-135","Sample-136","Sample-137","Sample-138","Sample-139","Sample-140","Sample-141","Sample-142","Sample-143","Sample-144","Sample-145","Sample-146","Sample-147","Sample-148","Sample-151","Sample-152","Sample-153","Sample-154","Sample-155","Sample-156","Sample-157","Sample-158","Sample-159","Sample-160","Sample-161","Sample-162","Sample-163","Sample-164","Sample-165","Sample-166","Sample-167","Sample-168","Sample-169","Sample-170","Sample-171","Sample-172","Sample-173","Sample-174","Sample-175","Sample-176","Sample-177","Sample-178","Sample-179","Sample-180","Sample-181","Sample-183","Sample-184","Sample-185","Sample-186","Sample-187","Sample-188","Sample-189","Sample-190","Sample-191","Sample-192","Sample-193","Sample-194","Sample-196","Sample-197","Sample-198","Sample-199","Sample-200","Sample-201","Sample-202","Sample-203","Sample-204","Sample-205","Sample-206","Sample-207","Sample-208","Sample-209","Sample-210","Sample-211","Sample-212","Sample-213","Sample-214","Sample-215","Sample-217","Sample-218","Sample-219","Sample-220","Sample-221","Sample-222","Sample-223","Sample-224","Sample-225","Sample-226","Sample-227","Sample-228","Sample-229","Sample-230","Sample-231","Sample-232","Sample-233","Sample-234","Sample-235","Sample-236","Sample-237","Sample-238","Sample-239","Sample-240","Sample-241","Sample-242","Sample-243","Sample-244","Sample-245","Sample-246","Sample-247","Sample-248","Sample-249","Sample-250","Sample-251","Sample-281","Sample-282","Sample-283","Sample-284","Sample-285","Sample-286","Sample-287","Sample-288","Sample-289","Sample-290","Sample-291","Sample-292","Sample-293","Sample-294","Sample-295","Sample-296","Sample-297","Sample-298","Sample-299","Sample-300","Sample-301","Sample-302","Sample-303","Sample-304","Sample-305","Sample-307","Sample-308","Sample-311","Sample-313","Sample-314","Sample-315","Sample-316","Sample-317","Sample-318","Sample-319","Sample-320","Sample-321","Sample-322","Sample-323","Sample-324","Sample-325","Sample-326","Sample-327","Sample-328","Sample-329","Sample-330","Sample-331","Sample-332","Sample-333","Sample-334","Sample-335","Sample-336","Sample-337","Sample-338","Sample-339","Sample-340","Sample-341","Sample-342","Sample-343","Sample-344","Sample-345","Sample-346","Sample-347","Sample-348","Sample-349","Sample-350","Sample-351","Sample-352","Sample-353","Sample-354","Sample-355","Sample-356","Sample-357","Sample-358","Sample-359","Sample-360","Sample-361","Sample-362","Sample-363","Sample-364","Sample-365","Sample-366","Sample-367","Sample-368","Sample-369","Sample-370","Sample-371","Sample-372","Sample-373","Sample-374","Sample-375","Sample-376","Sample-377","Sample-378","Sample-379","Sample-380","Sample-381","Sample-382","Sample-383","Sample-384","Sample-385","Sample-386","Sample-387","Sample-388","Sample-389","Sample-390","Sample-391","Sample-392","Sample-393","Sample-394","Sample-395","Sample-396","Sample-397","Sample-398","Sample-399","Sample-400","Sample-402","Sample-403","Sample-404","Sample-405","Sample-406","Sample-407","Sample-408","Sample-409","Sample-410","Sample-411","Sample-412","Sample-413","Sample-414","Sample-415","Sample-416","Sample-417","Sample-418","Sample-419","Sample-420","Sample-421","Sample-422","Sample-423","Sample-424","Sample-425","Sample-426","Sample-427","Sample-428","Sample-429","Sample-430","Sample-431","Sample-432","Sample-433","Sample-434","Sample-435","Sample-436","Sample-437","Sample-438","Sample-439","Sample-440","Sample-441","Sample-442","Sample-443","Sample-444","Sample-445","Sample-446","Sample-447","Sample-448","Sample-449","Sample-450","Sample-451","Sample-452","Sample-453","Sample-454","Sample-455","Sample-456","Sample-457","Sample-458","Sample-459","Sample-460","Sample-461","Sample-462","Sample-463","Sample-464","Sample-465","Sample-466","Sample-467","Sample-468","Sample-469","Sample-470","Sample-471","Sample-472","Sample-473","Sample-474","Sample-475","Sample-476","Sample-477","Sample-478","Sample-479","Sample-480","Sample-481","Sample-482","Sample-483","Sample-484","Sample-485","Sample-486","Sample-487","Sample-488","Sample-489","Sample-490","Sample-491","Sample-492","Sample-493","Sample-494","Sample-495","Sample-496","Sample-497","Sample-498","Sample-499","Sample-500","Sample-501","Sample-502","Sample-503","Sample-504","Sample-505","Sample-506","Sample-507","Sample-508","Sample-509","Sample-510","Sample-511","Sample-512","Sample-513","Sample-514","Sample-515","Sample-516","Sample-517","Sample-518","Sample-519","Sample-520","Sample-521","Sample-522","Sample-523","Sample-524","Sample-525","Sample-526","Sample-527","Sample-528","Sample-529","Sample-530","Sample-531","Sample-532","Sample-533","Sample-534","Sample-535","Sample-536","Sample-537","Sample-538","Sample-539","Sample-540","Sample-541","Sample-542","Sample-543","Sample-544","Sample-545","Sample-546","Sample-547","Sample-548","Sample-549","Sample-550","Sample-551","Sample-552","Sample-553","Sample-554","Sample-555","Sample-556","Sample-557","Sample-558","Sample-559","Sample-560","Sample-561","Sample-562","Sample-563","Sample-564","Sample-565","Sample-566","Sample-567","Sample-568","Sample-569","Sample-570","Sample-571","Sample-572","Sample-573","Sample-574","Sample-575","Sample-576","Sample-577","Sample-578","Sample-579","Sample-580","Sample-581","Sample-582","Sample-583","Sample-584","Sample-585","Sample-586","Sample-587","Sample-588","Sample-589","Sample-590","Sample-591","Sample-592","Sample-593","Sample-594","Sample-595","Sample-596","Sample-597","Sample-598","Sample-599","Sample-600","Sample-601","Sample-602","Sample-603","Sample-604","Sample-605","Sample-606","Sample-607","Sample-608","Sample-610","Sample-611","Sample-612","Sample-613","Sample-614","Sample-615","Sample-616","Sample-617","Sample-618","Sample-619","Sample-620","Sample-621","Sample-622","Sample-623","Sample-624","Sample-625","Sample-626","Sample-627","Sample-628","Sample-629","Sample-630","Sample-631","Sample-632","Sample-633","Sample-634","Sample-635","Sample-636","Sample-637","Sample-638","Sample-639","Sample-640","Sample-641","Sample-642","Sample-643","Sample-644","Sample-645","Sample-646","Sample-647","Sample-648","Sample-649","Sample-650","Sample-651","Sample-652","Sample-653","Sample-654","Sample-655","Sample-656","Sample-657","Sample-658","Sample-659","Sample-660","Sample-661","Sample-662","Sample-663","Sample-664","Sample-665","Sample-666","Sample-667","Sample-668","Sample-669","Sample-670","Sample-671","Sample-672","Sample-673","Sample-674","Sample-675","Sample-676","Sample-677","Sample-678","Sample-679","Sample-680","Sample-681","Sample-682","Sample-683","Sample-684","Sample-685","Sample-686","Sample-687","Sample-688","Sample-689","Sample-690","Sample-691","Sample-692","Sample-693","Sample-694","Sample-695","Sample-696","Sample-697","Sample-698","Sample-699","Sample-700","Sample-701","Sample-702","Sample-703","Sample-704","Sample-705","Sample-706","Sample-707","Sample-708","Sample-709","Sample-710","Sample-711","Sample-712","Sample-713","Sample-714","Sample-737","Sample-738","Sample-739","Sample-740","Sample-741","Sample-742","Sample-743","Sample-744","Sample-745","Sample-746","Sample-747","Sample-748","Sample-749","Sample-750","Sample-751","Sample-752","Sample-753","Sample-754","Sample-755","Sample-756","Sample-757","Sample-758","Sample-770","Sample-771","Sample-772","Sample-773","Sample-774","Sample-775","Sample-776","Sample-777","Sample-778","Sample-779","Sample-780","Sample-781","Sample-782","Sample-783","Sample-784","Sample-785","Sample-786","Sample-787","Sample-789","Sample-790","Sample-791","Sample-792","Sample-793","Sample-794","Sample-795","Sample-796","Sample-797","Sample-798","Sample-799","Sample-800","Sample-801","Sample-802","Sample-803","Sample-804","Sample-805","Sample-806","Sample-807","Sample-808","Sample-809","Sample-810","Sample-811","Sample-812","Sample-813","Sample-814","Sample-815","Sample-816","Sample-817","Sample-818","Sample-819","Sample-820","Sample-821","Sample-822","Sample-823","Sample-824","Sample-825","Sample-826","Sample-827","Sample-828","Sample-829","Sample-830","Sample-831","Sample-832","Sample-833","Sample-834","Sample-835","Sample-836","Sample-837","Sample-838","Sample-839","Sample-840","Sample-841","Sample-842","Sample-844","Sample-845","Sample-846","Sample-847","Sample-848","Sample-849","Sample-850","Sample-851","Sample-852","Sample-853","Sample-854","Sample-855","Sample-856","Sample-857","Sample-858","Sample-859","Sample-860","Sample-861","Sample-862","Sample-863","Sample-864","Sample-865","Sample-866","Sample-867","Sample-868","Sample-869","Sample-870","Sample-871","Sample-872","Sample-873","Sample-874","Sample-875","Sample-876","Sample-877","Sample-878","Sample-895","Sample-896","Sample-897","Sample-898","Sample-899","Sample-900","Sample-902","Sample-903","Sample-904","Sample-905","Sample-906","Sample-921","Sample-922","Sample-923","Sample-924","Sample-925","Sample-926","Sample-927","Sample-928","Sample-929","Sample-930","Sample-931","Sample-932","Sample-933","Sample-934","Sample-935","Sample-936","Sample-937","Sample-938","Sample-939","Sample-940","Sample-941","Sample-942","Sample-943","Sample-944","Sample-945","Sample-946","Sample-947","Sample-948","Sample-949","Sample-950","Sample-951","Sample-952","Sample-953","Sample-954","Sample-955","Sample-956","Sample-957","Sample-958","Sample-959","Sample-960","Sample-961","Sample-962","Sample-963","Sample-964","Sample-965","Sample-966","Sample-967","Sample-968","Sample-969","Sample-970","Sample-971","Sample-972","Sample-973","Sample-974","Sample-975","Sample-976","Sample-977","Sample-978","Sample-979","Sample-980","Sample-981","Sample-982","Sample-983","Sample-991","Sample-992","Sample-993","Sample-994","Sample-995","Sample-996","Sample-997","Sample-998","Sample-999","Sample-1000","Sample-1001","Sample-1002","Sample-1003","Sample-1004","Sample-1005","Sample-1006"
"Actinobacteria",197,139,134,159,36,177,35,334,41,139,340,131,65,335,95,40,112,61,24,764,405,766,2166,674,1044,298,886,852,116,54,219,228,172,39,716,745,438,421,410,273,86,104,213,21,98,188,176,566,86,105,107,159,182,217,750,96,136,1251,119,258,538,283,1528,99,816,72,159,1303,26,84,71,207,264,470,111,141,554,594,2190,287,227,389,145,230,736,971,974,552,455,292,277,351,66,500,42,189,76,159,207,114,118,236,82,137,132,1098,112,88,330,337,196,28,75,38,125,373,58,137,91,182,296,54,46,59,196,53,109,1327,204,156,495,584,245,108,69,32,339,162,290,171,45,417,86,172,70,188,582,145,369,275,325,74,522,92,185,104,870,561,370,1067,191,1755,120,250,67,76,70,43,259,118,47,74,151,122,96,133,120,84,72,1316,591,397,109,142,43,36,135,36,471,54,235,42,93,2165,111,86,1574,34,197,130,31,59,165,147,245,125,69,97,213,159,151,100,163,41,102,167,133,138,378,268,445,1685,338,222,398,222,1391,455,1025,307,379,1159,318,61,2765,410,138,155,561,252,168,841,265,597,59,1084,206,1167,119,221,539,594,371,627,553,452,246,131,324,924,45,184,681,904,671,253,158,423,274,1417,2033,771,271,357,534,308,677,585,209,586,86,391,124,652,397,168,502,739,64,190,322,208,855,181,23,33,23,44,248,54,70,38,48,42,61,181,32,57,27,23,36,35,25,19,24,32,32,90,97,134,30,27,55,127,46,25,39,78,68,440,145,106,50,129,545,724,46,133,89,75,48,414,70,83,273,81,54,98,254,61,356,162,42,72,43,43,80,67,37,62,82,45,41,40,31,130,48,23,63,29,67,538,74,56,25,66,68,47,181,62,57,48,50,111,43,41,76,39,48,57,211,54,47,725,61,107,68,94,38,62,57,55,35,35,45,64,98,28,43,133,36,54,196,61,33,55,23,29,80,24,54,68,104,49,41,134,49,198,91,48,85,48,87,30,26,19,52,96,153,164,35,81,77,42,37,20,50,72,25,116,59,28,52,47,22,23,20,25,25,23,23,22,21,25,25,22,21,25,22,25,33,20,22,23,22,23,22,21,27,21,25,19,21,19,23,21,21,23,24,23,25,22,23,23,23,21,21,21,24,22,20,23,19,20,41,26,24,21,27,28,33,46,25,28,24,20,21,23,23,24,23,20,28,23,20,22,22,21,19,24,22,22,20,20,21,21,25,22,24,24,28,22,22,25,20,20,21,19,30,37,43,25,25,24,23,26,26,20,22,20,23,24,26,29,29,25,31,24,21,21,21,22,25,23,24,26,22,22,31,26,27,27,28,21,21,21,23,25,23,21,25,28,29,28,26,26,25,24,24,23,21,25,22,25,29,25,25,22,29,26,27,37,25,28,22,24,23,23,23,27,29,20,25,19,23,19,21,24,21,23,21,23,29,24,24,27,33,34,62,141,41,42,22,27,70,98,52,140,261,157,43,68,245,29,231,75,144,36,86,42,36,115,48,33,701,152,40,36,359,215,370,110,393,289,108,99,338,485,210,720,124,805,64,535,148,75,38,233,525,395,134,53,688,140,753,164,278,661,316,363,114,2083,307,195,743,295,215,461,161,664,593,103,471,66,652,319,551,282,336,423,142,192,157,999,41,352,428,275,80,393,43,321,587,375,229,328,86,330,148,116,253,1077,74,70,964,74,65,137,64,61,442,174,529,183,525,96,421,283,933,35,523,850,366,28,121,29,257,97,794,22,52,77,1119,2641,794,755,1812,552,812,93,230,65,68,312,276,123,51,452,831,50,105,1157,151,153,281,1121,262,59,53,666,741,176,991,688,643,461,76,317,408,1105,131,604,343,140,45,107,181,642,1416,323,1039,164,463,45,50,122,42,285,108,439,40,58,169,231,107,218,279,406,61,171,126,631,51,81,85,307,357,78,24,48,90,891,305,473,164,49,58,489,238,236,112,261,305,186,108,994,518,439,205,861,146,481,217
"Bacteroidetes",864,2864,567,230,3130,89,73,1125,121,2186,102,307,2243,425,133,78,13289,2397,3328,3270,9798,515,114,449,813,602,362,2233,10124,130,4310,473,306,775,788,141,89,8189,106,591,318,94,3489,78,962,11163,727,7421,241,738,275,2192,1010,364,504,833,1676,832,504,796,427,220,489,516,1473,637,1074,167,7055,1226,435,232,810,1197,14902,1019,354,480,699,298,433,151,258,1864,711,764,516,243,1975,1200,989,2737,408,257,839,753,550,357,627,1161,478,245,4578,2041,11299,119,258,148,287,1152,204,230,12566,603,527,15639,3230,1164,3291,1525,343,805,325,95,280,1391,694,9271,929,8533,701,536,130,7716,171,74,577,715,5078,2364,329,6538,116,6640,2279,3211,1296,1480,438,8328,462,373,716,1574,196,14269,1355,878,1523,477,1120,550,184,636,3059,609,16170,1887,289,13814,101,2234,934,148,3580,6543,871,212,1038,1330,125,853,1021,393,199,452,1309,807,2062,11073,2367,438,414,2856,1058,524,229,560,2391,792,526,608,136,126,1587,87,240,796,133,263,2039,823,253,877,796,3872,612,653,126,1241,2628,2177,1129,1189,13151,1549,2751,240,3094,5712,12113,3833,4689,98,1480,14025,5712,9661,341,8351,166,1225,301,243,455,892,9636,781,5681,10977,2127,1648,3282,568,1152,1057,881,719,121,942,194,73,170,137,96,163,146,86,137,585,118,104,100,192,1838,958,99,113,688,1981,1624,3581,2212,2688,1718,876,500,907,1604,10381,432,2095,4189,7283,3709,6584,13658,5240,3256,11200,5080,18618,15510,14000,12419,5577,6912,16114,1320,9215,10340,3271,7358,1714,3303,5727,16849,808,5824,4223,5169,10249,6178,15760,6143,8044,14579,809,5290,2427,849,3783,2857,297,512,149,1074,2301,574,2376,13491,2313,12933,7393,4885,5602,2265,5467,1937,16154,1957,545,8384,4481,1000,11358,1923,1283,2530,1832,1997,2544,11753,2252,1063,2994,6952,9631,4029,2199,2550,1170,3244,6931,12288,7398,10499,1220,4312,917,3396,2425,3913,3410,1135,2964,1087,10698,19817,7053,1858,3078,5161,1513,5999,2708,2530,1663,709,1205,1956,14157,9437,1119,1862,3208,998,13204,11847,6809,3750,3253,4503,5218,12195,4110,2909,9319,2557,11000,2905,9133,2776,2047,1873,2259,11970,3371,6047,14537,2147,13239,6436,8207,4546,2025,3386,3629,2069,2987,6432,4196,6417,8409,2099,1450,5557,2414,13355,849,2343,4753,5964,2368,2615,5581,13622,4849,2698,11413,1331,1871,13281,2632,5049,4270,4552,4863,10076,8351,1106,3296,4754,6882,1933,4173,1748,3041,2341,3308,1500,13277,4612,4450,6814,8515,3331,5304,3055,14324,3561,2012,3588,4661,6467,2257,3707,1920,5903,8812,5109,5664,4238,15329,2307,8339,3491,9393,8650,4696,5115,3897,1813,3157,3487,6273,6604,7333,5380,7867,4154,971,1018,1744,5250,3663,9613,10195,2929,2692,4107,2932,10281,1369,3612,11986,4354,3772,8636,12486,4002,4718,1497,4900,4534,1899,12067,14437,4791,16924,16169,2848,2958,2062,1563,2833,2520,13964,2030,1921,2013,3372,9708,3720,2325,2165,3823,2769,10409,1849,1253,6584,5817,4069,3309,3531,4662,3502,3524,3110,3468,3326,4197,14753,7374,3101,3988,3629,2567,1677,1666,4284,9671,16601,1649,3147,4003,2772,4553,2561,14550,3289,13090,3515,4091,2336,14637,12473,7888,1413,3136,4091,3344,3587,2246,14640,2064,1524,2392,3589,1465,512,2319,6255,3022,2539,9521,1739,1476,4839,1777,2921,2159,3282,2704,2391,4361,6216,382,618,6836,6453,397,1100,452,91,206,511,5112,3874,1379,10386,932,217,5570,1991,1201,5711,8962,2667,18133,1481,7356,6256,4142,7564,363,656,459,127,310,115,416,366,2311,1158,1636,1277,3470,465,1272,992,229,370,413,623,274,244,501,611,2304,1072,478,9147,1409,602,1442,394,691,1283,1175,1478,1516,2967,532,2451,101,741,1304,7126,2177,1550,1332,3101,1038,276,527,1462,962,638,327,384,1641,360,2227,727,1091,105,593,930,3850,1437,1841,985,1179,797,502,292,1488,2939,5251,545,639,213,1211,242,161,331,11275,269,614,420,6118,1729,3771,4158,13914,2250,4638,864,701,1615,385,2076,11462,1714,425,5451,2796,1370,2504,12860,324,1011,1211,6834,515,611,2119,2287,4165,921,991,3445,534,118,3805,3791,231,8215,2037,533,504,2566,337,553,916,135,157,228,226,483,916,91,86,601,2691,1241,1080,169,282,232,229,176,1067,176,2608,174,381,152,317,716,744,519,714,715,238,818,12887,490,272,81,90,140,118,404,479,916,87,87,3873,592,443,206,437,1393,277,288,73,98,467,841,2300,621,668,131,179,8965,766,512,1855,113,101,1172,1020,626,386,510,1945,242,120,186,1121
"Cyanobacteria",0,0,0,0,0,0,0,0,0,0,0,0,0,0,0,0,0,0,0,0,0,0,0,0,0,0,0,0,0,0,0,0,0,0,0,0,0,0,0,0,0,0,0,0,0,0,0,0,0,0,0,0,0,0,0,0,5,0,0,0,0,0,0,0,0,0,0,0,0,0,1,0,0,0,0,2,0,0,0,0,0,0,0,0,0,0,0,0,0,0,0,0,0,0,0,0,1,0,0,0,0,0,0,0,0,0,1,0,0,0,0,0,0,0,0,0,1,0,0,0,0,0,1,0,0,0,0,0,0,0,0,0,0,1,0,0,0,0,0,0,0,0,0,0,0,0,0,0,0,0,0,0,0,1,0,1,1,0,0,0,1,0,0,0,0,0,0,0,0,0,0,1,0,0,3,0,0,0,0,0,0,0,0,0,0,0,0,0,0,0,0,0,0,0,0,0,0,0,0,0,0,0,0,0,0,0,0,6,0,0,0,0,0,0,0,0,0,0,0,0,0,0,0,3,0,0,0,0,0,0,0,0,0,0,0,0,0,0,0,0,0,0,0,0,0,0,0,0,0,0,0,0,0,0,0,0,0,0,0,0,0,0,0,2,0,0,0,0,0,0,0,0,0,0,0,0,0,0,0,0,0,0,0,0,0,0,0,0,0,0,0,0,0,0,0,0,0,8,0,0,0,0,1,1,0,0,0,0,0,0,9,0,0,2,0,0,2,0,0,0,0,0,0,0,0,0,0,0,0,0,0,0,0,0,0,0,0,0,0,1,0,0,0,1,0,0,0,0,0,0,0,0,0,4,0,2,0,0,0,0,0,0,0,2,0,3,0,0,0,0,69,0,0,0,0,0,0,0,0,0,0,0,9,12,2,0,0,0,0,0,3,21,0,0,0,1,0,0,1,1,2,10,0,0,0,0,1,1,0,0,0,0,1,0,0,1,0,0,1,0,6,0,0,22,0,0,0,2,0,1,0,0,0,1,0,17,2,0,0,0,0,0,12,0,0,2,0,10,0,0,0,0,0,73,3,0,0,0,4,0,0,3,0,13,0,2,9,8,0,0,0,0,20,10,0,0,0,0,0,2,0,0,1,0,0,5,10,0,0,1,8,1,0,0,0,0,46,1,0,3,0,0,0,0,0,2,0,0,0,0,0,0,0,0,0,0,11,0,2,0,0,0,0,0,0,0,0,0,0,0,0,0,0,12,6,8,1,1,0,4,0,0,1,0,0,0,0,3,0,0,9,0,1,0,0,3,0,0,0,13,0,0,0,0,0,0,3,22,0,4,2,0,0,0,0,0,0,0,0,0,1,0,0,5,1,0,0,3,0,6,0,0,1,0,0,0,1,1,7,0,0,56,0,0,0,2,0,0,1,1,0,0,4,0,0,0,3,0,2,0,0,0,2,0,0,4,0,0,4,0,1,0,0,0,0,13,0,0,0,0,2,0,0,0,0,0,0,0,0,0,0,0,0,0,0,0,0,0,0,0,0,0,0,0,0,0,0,0,0,0,1,0,0,0,0,4,0,0,0,0,0,0,0,0,0,1,0,0,0,0,0,0,1,0,0,0,1,0,0,0,0,0,0,0,0,0,0,0,0,0,0,0,1,0,1,0,0,1,0,0,0,0,2,2,0,0,0,0,0,1,0,0,0,0,0,0,0,0,0,0,0,0,0,0,0,0,0,0,0,0,0,0,0,0,0,1,0,0,0,0,0,0,0,0,0,0,0,0,0,0,0,0,0,0,0,0,0,0,0,0,6,5,0,0,0,0,0,0,0,0,3,0,0,0,0,0,0,0,0,0,0,0,0,0,0,0,0,0,0,0,0,0,0,0,0,0,0,0,0,0,0,0,0,0,0,0,0,0,0,0,0,0,0,0,0,0,0,0,0,0,0,0,0,0,0,1,0,1,0,0,0,0,0,0,0,0,0,0,0,0,0,0,0,0,0,0,0,0,0,0,0,0,0
"Bacilli",75,124,42,92,60,123,192,63,55,131,631,86,46,107,207,47,341,84,370,95,108,161,64,953,176,1475,115,141,237,62,137,476,122,77,102,43,224,136,1142,74,53,244,91,51,184,123,73,60,975,231,92,74,78,144,427,131,147,139,51,275,68,74,41,109,280,55,122,224,67,96,75,56,66,131,233,60,76,379,498,565,69,406,58,124,1081,112,174,94,152,69,139,76,98,67,70,92,71,50,197,79,84,148,82,124,56,93,251,135,58,115,691,368,135,93,135,361,54,211,200,171,181,63,62,71,106,59,109,175,54,139,202,660,75,122,68,47,259,410,121,72,46,64,84,106,91,193,330,200,79,60,276,621,287,78,99,141,90,401,86,88,107,1071,119,77,827,409,118,60,50,96,45,59,1378,157,66,75,184,148,2167,75,156,486,458,74,117,127,189,593,101,46,136,61,121,313,62,465,174,103,97,134,42,179,109,48,98,189,84,226,529,317,294,87,48,49,167,57,70,162,63,258,199,107,107,124,108,56,710,80,405,128,77,106,195,36,94,153,60,76,163,79,69,126,71,109,45,182,300,184,67,212,120,44,57,62,107,657,1655,1676,72,221,149,430,2245,1017,674,153,1202,2242,689,70,816,144,2790,1206,2376,1025,118,91,291,186,425,282,1188,178,103,91,202,71,293,90,240,140,47,103,41,43,39,69,134,69,65,67,59,52,59,99,46,190,34,36,57,34,110,34,37,55,69,79,49,41,52,57,44,147,62,40,45,114,56,114,190,50,189,1121,140,106,193,119,90,71,235,52,69,66,463,225,153,68,78,68,118,69,57,74,77,73,136,75,65,67,47,69,61,75,54,93,54,33,115,58,56,51,63,60,44,56,53,68,70,44,72,58,65,52,45,59,44,44,61,71,77,46,53,89,89,73,76,69,40,45,72,77,63,50,41,55,76,61,48,125,76,46,43,51,46,44,37,61,100,63,74,50,56,83,38,67,46,47,47,61,70,39,44,41,68,40,47,53,234,293,47,114,46,47,43,37,50,62,62,47,45,41,67,108,37,67,77,98,47,55,38,86,68,45,46,46,58,53,112,152,39,54,55,62,40,82,71,109,109,39,49,65,52,39,46,47,43,107,53,61,57,41,40,60,54,39,41,42,48,271,180,96,41,41,60,42,61,52,54,66,58,64,123,170,55,57,40,43,59,53,45,47,113,42,60,49,75,44,41,58,46,43,35,65,49,38,80,56,103,58,758,63,53,82,45,48,45,48,75,77,88,45,52,59,52,65,44,122,556,39,94,183,50,63,63,273,63,73,42,42,58,39,51,61,46,56,117,61,105,77,68,62,59,43,43,44,57,60,51,43,87,111,55,68,67,86,53,54,45,66,48,50,64,119,65,50,46,50,50,53,389,58,48,89,100,50,42,90,98,47,52,40,46,36,126,43,82,76,45,44,43,43,49,49,55,65,66,52,2108,155,161,62,44,44,99,63,72,173,206,53,98,66,123,41,104,90,107,749,73,83,41,123,361,861,128,253,97,191,87,855,148,94,266,189,87,56,115,253,897,79,419,69,116,287,1120,107,501,857,589,201,210,120,643,287,72,176,110,203,199,89,56,98,132,77,285,238,60,385,108,101,287,178,230,151,76,254,82,117,206,897,147,84,120,146,86,107,63,48,72,137,121,92,211,593,63,122,162,244,92,68,184,81,91,84,129,149,75,95,96,101,68,81,114,79,219,127,89,190,233,58,116,108,476,94,51,115,101,135,61,39,63,49,47,99,274,294,71,336,185,235,131,74,59,143,87,148,125,409,212,153,99,68,1492,76,86,105,69,576,94,110,44,162,104,501,158,53,63,593,54,84,331,195,97,71,90,137,319,61,92,84,734,71,59,60,64,497,50,1086,543,166,183,122,141,108,68,207,58,78,309,280,89,88,214,180,105,144,67,73,94,501,315,873,127,73,84,69,77,538,90,81,51,189,236,127,58,41,91,114,121,419,90,94,563
"Clostridium cluster I",15,49,55,15,15,21,24,17,13,17,15,16,14,17,13,119,16,23,14,18,20,16,19,65,46,14,16,18,19,15,16,19,14,15,15,50,31,51,102,25,14,68,17,13,15,17,23,18,16,28,58,22,78,23,23,40,50,24,161,17,15,19,16,50,18,31,145,17,15,28,23,16,19,28,16,20,24,28,37,22,17,25,17,23,35,28,18,20,77,29,27,36,20,39,19,22,22,19,17,28,29,22,40,17,16,15,15,17,44,74,16,21,28,16,21,35,19,16,16,30,19,40,22,19,17,15,22,52,18,26,16,15,17,21,16,13,19,53,24,18,15,17,26,20,54,17,22,17,19,24,15,35,16,20,16,39,28,24,18,45,24,24,21,57,28,35,25,16,21,15,15,18,15,20,16,18,24,17,27,17,21,33,15,23,37,21,19,25,19,16,19,16,15,24,42,17,27,14,17,20,20,19,16,36,23,17,19,26,89,15,23,23,14,17,39,18,20,14,13,19,35,37,35,19,17,18,90,285,29,53,31,17,76,256,41,32,23,92,83,263,394,36,44,21,553,20,238,38,721,27,402,458,328,15,28,18,15,16,78,20,16,16,24,80,24,33,15,18,22,21,21,23,18,31,49,19,27,19,16,16,20,27,19,15,14,14,15,13,13,14,14,17,17,15,16,18,15,24,18,17,19,17,18,21,23,23,18,20,13,13,20,13,16,13,16,17,16,30,25,15,18,15,16,19,17,14,14,19,17,17,19,20,19,38,22,31,71,16,55,19,17,59,19,18,27,44,26,17,22,16,17,18,22,18,25,27,35,28,23,18,19,23,62,22,19,30,23,22,22,24,24,29,23,36,16,20,19,19,30,16,17,19,15,19,22,24,16,17,19,31,26,19,20,35,22,26,18,31,16,19,18,20,17,22,19,18,16,15,20,16,14,15,15,21,18,16,14,16,15,18,15,14,21,18,14,16,21,16,16,14,20,45,15,20,19,18,19,15,20,19,23,20,17,18,19,15,19,17,16,16,24,15,17,31,14,16,16,18,16,38,16,16,18,15,16,16,17,16,16,15,16,16,15,17,16,17,19,19,18,15,19,13,14,13,17,15,19,18,22,18,17,18,17,20,20,15,16,14,17,14,15,16,14,15,14,14,17,18,18,17,20,19,18,24,18,18,15,15,16,17,25,16,16,16,14,16,22,14,14,16,16,18,15,15,14,14,15,15,18,19,22,19,18,16,17,15,14,15,18,25,28,14,24,27,16,18,17,18,16,20,17,20,32,21,21,22,20,22,16,18,20,15,17,17,17,23,15,18,28,19,20,24,20,15,18,16,16,23,25,17,17,20,22,19,20,19,23,17,20,17,19,21,19,17,21,18,32,16,18,20,20,20,19,20,18,19,16,19,19,20,18,14,17,13,14,14,18,27,15,22,15,18,25,19,21,22,21,19,16,47,38,23,16,21,16,16,51,25,16,21,24,20,31,16,18,15,17,15,16,15,14,15,16,16,17,23,16,20,74,24,19,19,26,22,276,30,117,26,28,28,17,20,19,22,25,28,20,15,23,26,22,28,21,25,21,29,23,49,27,20,16,20,16,17,18,26,13,28,24,46,24,31,22,20,19,26,24,27,16,23,20,26,58,22,116,33,20,24,145,23,16,17,23,94,25,23,41,51,34,28,30,19,32,20,27,33,22,24,34,41,16,16,16,16,15,38,16,16,16,17,23,16,16,15,20,15,16,18,26,14,21,15,22,22,18,33,18,17,26,33,33,20,18,29,26,17,17,19,57,23,21,16,17,207,90,22,26,27,29,17,16,21,71,25,19,18,16,33,29,27,22,22,34,27,19,26,22,18,97,17,23,38,24,16,21,21,18,21,19,133,38,22,18,93,25,51,20,17,22,20,34,145,38,28,16,22,23,26,17,22,19,41,27,16,47,23,30,29,27,24,20,95,21,20,16,28,24,21,29,29,29,33,20
"Clostridium cluster III",25,15,6,29,18,46,253,13,109,27,105,76,7,7,65,72,7,12,12,19,2,47,5,39,60,4,15,64,29,10,7,13,20,4,28,8,3,47,10,13,57,12,30,32,24,6,34,5,49,28,15,18,14,10,4,34,54,81,9,21,46,20,14,16,16,9,7,4,7,27,26,7,23,4,5,15,16,11,7,32,31,19,11,27,26,23,17,4,53,14,21,16,11,9,30,16,15,15,23,41,86,16,8,33,29,14,76,57,36,22,22,127,7,20,79,38,13,17,23,6,48,16,12,13,58,5,33,18,6,3,14,11,16,9,18,9,18,7,11,12,162,24,6,23,18,49,21,17,5,11,19,17,12,10,57,29,26,31,43,11,8,5,19,10,21,28,7,6,9,19,6,6,13,24,51,47,33,19,74,37,27,57,21,8,17,13,18,21,26,9,30,19,11,15,25,34,20,16,17,40,13,25,30,36,42,19,33,58,40,27,41,10,22,18,47,29,29,26,14,68,73,62,8,16,5,18,51,3,2,42,7,4,9,5,49,20,7,9,3,3,9,17,6,21,4,20,16,28,7,14,17,7,9,19,14,20,14,6,9,3,3,5,7,21,8,7,23,7,3,8,9,23,74,14,5,9,46,81,21,7,10,20,35,23,18,3,3,11,2,21,9,5,3,34,3,5,4,13,9,3,10,3,7,4,5,6,4,4,2,2,7,3,13,2,4,7,6,17,9,32,22,5,4,4,16,2,3,8,3,26,13,15,5,15,10,7,26,34,10,17,3,54,10,32,11,11,25,7,7,5,36,6,5,19,8,5,32,9,10,7,6,7,6,11,5,12,6,3,12,7,5,9,5,59,3,9,8,3,5,3,10,9,12,8,7,5,9,5,6,10,38,7,5,20,5,8,5,12,5,9,7,9,4,5,5,5,10,4,9,17,6,8,13,7,3,5,3,5,7,2,8,12,8,7,3,6,5,20,14,4,8,8,6,3,20,11,8,4,12,7,8,10,10,6,4,4,11,4,3,17,3,9,24,7,5,5,2,9,8,7,5,3,17,12,7,16,8,9,5,5,6,3,8,14,4,12,4,9,30,8,6,2,3,7,10,7,9,51,14,7,18,3,7,9,9,4,17,5,7,15,3,12,8,7,8,11,14,6,6,35,11,23,42,22,23,34,16,3,6,13,5,25,40,41,7,14,5,9,10,38,10,10,4,15,14,3,5,3,3,5,24,6,6,28,12,9,4,9,58,12,11,21,16,12,5,8,8,6,7,7,16,4,6,22,14,9,6,12,6,4,3,6,6,6,4,22,10,8,19,14,11,5,13,3,4,13,5,13,6,13,12,9,10,6,18,18,5,14,12,56,6,5,7,8,10,9,3,6,11,8,9,5,5,8,9,13,7,13,8,7,10,5,8,5,7,5,15,15,7,11,8,5,10,16,26,6,45,7,8,20,16,5,3,4,15,3,12,10,6,22,10,5,14,4,32,3,5,4,5,3,5,5,5,7,5,7,4,26,17,3,62,20,10,17,16,13,13,18,17,9,33,15,8,12,24,17,13,3,70,25,24,10,17,21,4,11,36,12,13,5,10,12,7,8,17,20,13,4,17,31,113,37,11,41,56,31,14,17,7,31,16,20,12,56,16,49,20,18,15,39,31,28,10,13,8,13,28,48,13,14,6,23,13,10,20,37,10,11,6,16,18,38,66,27,6,46,5,11,26,15,20,65,36,24,15,14,11,12,16,12,10,3,7,15,20,22,14,18,66,24,23,18,4,10,9,3,8,26,14,12,19,11,17,5,11,12,7,22,26,16,10,16,32,15,11,37,16,55,8,20,6,10,8,6,6,8,27,13,4,16,11,18,19,4,9,113,6,9,14,36,10,20,3,8,6,11,27,56,15,35,85,14,20,19,30,20,53,19,3,6,42,5,18,19,8,4,16,32,22,36,7,13,10,23,38,10,9,19,57,27,15,14,37
"Clostridium cluster IV",1992,3178,4422,3316,993,1231,1879,3783,2584,2093,4854,1430,2855,6146,2981,2654,2433,5541,1774,2070,2350,5393,2128,2993,8753,1515,4691,2453,2360,1666,4995,2927,2713,4078,5084,3149,1996,5458,427,4768,1031,5333,4269,961,1643,2948,10239,3593,7009,3810,6078,7785,6447,1919,9607,4952,5420,4445,5575,5654,2440,5979,7001,5708,5445,2562,5220,2392,2518,4610,4727,3856,3423,7571,4792,5908,4872,4082,2992,4441,4235,2972,7145,9568,5482,8014,4173,7455,10002,6026,3938,5066,4560,6722,3900,4352,5968,5947,7683,6901,4634,6212,5933,7578,5673,3879,8395,3130,8254,8251,7068,4503,5850,1866,8583,5662,9119,6331,4770,6575,4416,7535,3698,3070,6064,6696,6847,7131,3574,2277,7422,5339,2572,6481,3809,431,3836,6908,7607,9421,2799,8997,4219,7736,3552,3826,7069,4439,2891,3793,1950,2260,4056,4523,6024,6680,14841,7466,8300,6289,8053,3342,12096,8796,5459,5746,3979,5559,4924,2207,2677,2526,3291,4799,4154,4988,6128,6652,5976,3727,9132,5986,3939,4571,5765,7019,4936,6866,5361,2583,5867,3534,2437,7556,6669,4117,6334,1359,2981,3702,2372,1597,3155,5145,8337,3927,2241,8334,2378,2275,3500,7643,1343,4382,11080,4609,3845,2995,2055,4426,5117,5118,1745,3155,1677,1980,1997,419,277,10016,1498,2444,3343,294,4199,5108,1278,3171,230,3338,3181,2900,1170,3547,623,6500,3224,1779,1856,7435,4361,615,2268,3030,3248,3005,2464,4213,1747,2555,715,1168,2254,8106,3630,6163,3282,5024,1040,5869,2581,6598,5649,2064,3969,2705,5681,3959,2789,3871,4497,4824,2454,5012,3145,1805,5440,644,1757,2890,3687,2049,1480,2624,460,1800,1248,3396,3801,1421,5679,912,3189,1743,1308,8898,1389,1844,566,855,1009,373,1531,349,1362,2080,2392,7851,8013,5433,4633,2871,1748,1784,2406,1097,2327,3520,6484,4848,5192,4633,2894,1918,7964,5039,3959,1662,5509,4212,4406,4733,3342,3749,4376,3920,7891,5073,6324,993,6585,7923,940,7934,2376,1714,4906,1679,1282,2911,3911,2179,1218,2088,4594,4606,2419,844,4781,6927,2338,10442,2983,5828,2569,2301,10569,2995,5425,2682,3372,7431,4563,3951,4458,2971,3581,2612,3254,4354,5701,2951,2268,4064,4664,4878,2002,2233,885,2711,1974,7152,1276,2894,2185,2969,3611,1109,2323,5241,338,2960,2980,3355,4032,3695,1403,3359,6297,2446,7654,3811,3777,4596,4715,5901,2690,4763,4955,1564,2654,3539,1463,3564,6410,3002,4238,886,3354,2954,2676,3042,3056,3216,2304,6711,3461,6162,2011,6131,8601,3165,4760,3480,3772,2197,1928,4053,6641,2124,5549,6160,6151,4892,10578,6485,8351,5841,7056,5970,13129,8372,3136,2835,10761,4969,4716,4670,3843,2921,3978,1530,6002,2331,5620,4682,6933,4817,5755,6540,5966,5652,7490,8068,3038,2372,4060,6487,4650,5064,7273,6077,2244,5643,5280,4720,8293,7252,8278,5710,7418,8680,5189,3370,7335,4146,2526,6727,9053,5969,4645,4255,3287,3253,3388,5173,4032,8382,7048,8680,3456,5964,7290,5116,4858,8472,4346,3553,5974,6307,4235,4600,2426,4728,4690,8439,6636,2539,6275,5834,7125,3437,10849,5480,4998,8474,6399,3215,5452,2792,6966,6957,7724,8200,5236,8039,8776,8039,4753,4030,3856,2018,2946,7138,9275,3900,1423,3259,18543,13138,12720,13708,12294,3507,5149,4304,4521,5454,6432,4306,3184,7253,6774,5616,8380,18038,12516,7703,5369,6096,4742,8666,5878,8748,4725,9561,1604,3655,11738,11197,6707,4627,9397,5997,5368,4601,8881,5931,4756,10435,6918,8434,6954,2158,8335,6093,7035,5443,11118,7581,8324,8019,9901,5654,11758,6428,5541,5922,1731,11547,7796,3324,1961,1569,1908,402,4970,4026,9232,5193,3288,526,3013,4825,2794,3973,3239,2233,5121,4256,619,4798,4047,3083,6203,1930,701,5790,8194,519,5123,4552,6526,8195,6958,2856,5517,7282,4540,1250,4574,6238,2597,1592,4322,2931,793,1037,1388,4996,2623,1205,2292,1716,3525,1566,3618,4834,1951,4086,2758,2723,1296,1725,3123,4380,459,4431,2332,4324,5960,7488,7765,5698,6416,3698,6308,5326,5346,11977,5602,2529,9450,3328,10727,6129,4455,2610,6024,7966,3483,4873,3806,9594,5669,3955,6075,3680,3905,7968,4572,2971,4454,4951,3188,5134,3260,2720,3092,3622,6899,6459,4300,4439,3722,6488,3102,4019,1138,3257,3225,2050,5367,2806,3036,3548,2467,6044,6158,1053,5029,5014,1434,7743,5054,4815,5235,4330,4608,5121,5503,2298,3236,3092,8266,895,3621,2770,2009,2049,3692,2473,3825,4019,1693,8318,7991,2461,1412,2521,1926,6077,3514,2192,2336,966,664,2145,5333,2457,3882,3684,1516,1118,938,1006,4471,3649,1081,2073,3300,2308,3424,1137,1257,3079,1518,3744,4089,5121,2696,4294,592,776,859,2928,2958,4932,1715,1313,6445,3621,3268,4131,4471,4021,4455,3354,413,632,2687,3561,7310,2328,2778,2188,6146,2286,5655,8458,6914,1682,3013,2741,4929,3317,1185,3995,3055,3934,2896,2683,5088
"Clostridium cluster IX",37,84,22,81,48,20,16,18,28,17,15,20,18,44,22,13,50,48,15,48,102,36,31,24,79,60,62,126,23,19,887,62,117,21,77,48,18,29,15,63,21,232,46,18,28,274,27,26,38,24,123,106,84,21,126,33,36,22,47,23,18,26,18,21,77,27,25,35,29,29,25,48,31,33,143,72,25,40,30,208,23,28,62,27,118,180,243,156,82,234,102,62,29,24,24,40,48,22,106,24,70,86,38,283,22,17,262,15,101,48,62,88,153,45,20,76,34,27,54,134,49,26,24,13,20,31,16,23,203,114,564,39,15,24,41,11,369,79,25,36,101,23,31,120,19,23,129,30,17,147,16,22,183,32,37,521,315,35,158,21,26,21,25,75,331,21,32,28,74,22,19,18,20,19,29,530,988,74,160,90,40,483,26,35,96,29,36,80,267,347,46,78,29,42,96,68,152,33,214,17,22,25,14,226,197,39,77,233,110,137,35,958,25,45,100,226,33,26,51,38,20,34,39,25,40,31,234,19,34,3786,101,20,52,11,22,936,224,28,19,55,22,86,18,25,29,337,147,47,25,34,21,17,26,153,19,16,26,73,15,15,23,16,40,65,24,51,38,16,16,89,18,65,19,32,68,39,35,13,21,18,80,50,21,131,18,19,31,36,30,274,104,156,1132,255,28,73,114,199,60,110,69,203,28,101,1008,228,122,163,15,16,50,17,99,97,42,36,29,227,95,19,139,109,205,584,35,63,108,46,159,89,61,50,162,59,383,18,18,350,73,28,355,69,153,78,440,43,75,38,46,740,107,37,63,41,99,34,53,81,46,29,28,25,50,769,51,39,74,17,58,486,51,34,95,19,26,950,47,139,210,19,43,1323,22,29,24,303,119,92,218,117,34,143,288,75,27,92,128,80,159,81,46,124,22,29,56,24,103,52,93,91,540,18,85,132,20,43,69,196,48,404,307,30,66,71,15,23,23,53,29,78,91,117,38,859,128,42,37,526,53,28,94,112,49,95,34,18,65,22,171,26,60,110,200,109,80,25,423,57,22,29,22,130,152,33,185,43,84,76,308,273,20,161,760,1133,332,43,41,259,2263,96,34,135,20,64,24,115,25,278,22,55,75,27,17,161,50,41,132,46,155,94,55,267,666,54,24,23,37,23,28,90,52,97,32,56,124,22,36,622,209,36,24,283,203,23,234,200,124,84,48,147,65,35,23,100,32,61,42,28,282,293,71,79,82,501,25,76,36,296,28,44,88,454,94,62,22,30,227,43,23,18,28,32,198,52,121,24,30,151,17,19,29,49,325,19,21,23,47,119,81,29,29,50,25,112,30,91,40,29,81,17,611,30,436,88,31,151,55,91,399,64,26,126,436,130,91,175,85,31,509,328,33,495,28,27,371,181,24,94,249,57,44,20,34,210,69,320,148,185,341,94,152,51,152,212,543,529,28,300,174,34,60,24,34,34,18,16,45,52,62,60,54,155,45,16,1535,573,3098,116,42,680,39,1410,298,64,67,621,28,57,42,31,46,36,17,22,248,34,85,150,37,36,20,54,25,52,22,34,29,25,23,44,46,35,25,46,21,29,24,47,33,49,25,100,32,96,26,33,37,17,29,51,564,42,39,80,984,29,281,74,44,57,119,130,30,445,461,54,19,18,25,174,41,73,80,44,61,58,147,87,44,62,37,167,36,170,82,43,34,27,61,25,198,33,141,22,59,27,712,247,77,29,38,99,27,107,37,168,34,123,68,50,174,98,17,141,145,350,154,82,42,138,69,43,143,50,2632,16,68,113,16,82,151,31,57,22,34,103,23,45,29,32,51,22,40,20,21,114,137,322,15,34,114,219,167,94,30,50,65,47,33,112,68,25,33,20,22,19,22,30,31,57,216,81,21,4807,24,152,117,59,34,65,25,114,202,27,28,46,30,24,35,19,22,18,128,26,38,450,114,62,74,268,856,18,46,422,55,25,66,220,24,37,42,33,220
"Clostridium cluster XI",45,79,349,57,24,32,150,63,63,148,166,105,28,140,36,1022,33,51,19,27,27,28,68,100,97,26,35,41,32,28,29,32,34,31,22,189,655,102,358,39,22,111,36,18,23,38,48,21,46,63,132,56,108,38,176,71,95,105,273,55,24,82,82,84,70,55,439,449,29,56,30,69,50,109,49,43,33,133,275,89,41,74,70,50,57,163,38,63,455,80,99,171,81,190,29,52,30,50,50,44,32,41,64,37,24,37,33,30,132,37,44,32,133,44,53,172,42,32,40,67,50,58,22,30,28,32,66,67,22,47,30,53,53,44,23,15,68,162,121,78,36,64,146,46,72,53,86,32,25,41,49,147,71,36,44,80,111,91,48,175,50,89,69,281,30,52,69,23,40,25,37,38,21,63,21,39,41,64,72,30,62,107,36,50,113,44,29,49,32,26,46,26,26,95,66,25,845,24,29,29,22,47,28,80,71,65,22,60,152,69,40,67,33,50,67,26,52,30,32,139,73,70,41,29,27,27,1231,945,1440,732,2622,64,2104,1227,51,420,1639,392,3897,1145,1504,1434,1818,397,1039,131,1152,333,1618,259,1718,1284,2239,35,40,48,31,28,19,97,84,56,54,151,283,298,96,49,80,61,74,64,57,96,74,89,170,172,26,30,31,33,21,28,20,21,35,18,27,22,52,23,18,25,15,20,17,26,21,18,27,19,24,31,22,43,19,24,15,13,23,14,22,12,19,16,23,71,24,23,25,21,24,24,25,15,17,51,67,28,76,31,57,49,163,141,34,49,101,40,33,103,71,29,94,79,39,26,56,25,167,105,22,37,24,34,51,27,22,25,49,26,40,27,27,38,40,15,32,37,31,54,28,53,20,22,58,41,39,28,27,32,22,31,46,29,31,26,22,34,41,19,22,53,38,33,22,27,19,33,25,32,17,31,22,38,20,14,21,31,16,34,20,38,25,21,17,22,37,31,37,29,33,24,35,29,26,40,29,22,23,23,17,17,28,19,33,21,33,30,35,24,23,29,34,24,23,25,20,59,36,17,21,28,16,19,17,27,32,37,25,30,27,21,29,31,35,35,36,29,34,30,19,21,31,35,23,29,19,16,30,14,20,15,24,28,26,22,28,29,24,36,24,28,31,18,18,15,18,26,21,21,20,23,22,17,29,21,34,25,45,49,24,32,51,26,17,21,24,24,19,18,31,18,16,19,23,21,27,28,16,21,20,19,25,18,18,20,32,33,23,33,20,16,33,20,19,17,37,30,35,15,41,53,20,20,23,21,21,23,27,32,26,37,24,22,28,26,19,22,18,15,18,25,27,29,17,27,45,27,31,51,26,16,22,23,29,27,31,19,18,25,28,25,25,34,77,23,21,19,25,24,30,19,27,28,28,20,46,42,28,22,31,33,23,28,25,24,23,21,32,18,21,15,24,28,30,47,31,27,20,28,33,28,31,87,27,26,18,189,48,33,36,80,33,22,487,80,21,32,30,27,83,17,41,20,21,19,32,16,14,23,72,23,65,19,16,62,104,221,48,76,61,109,206,207,300,93,57,31,51,46,35,63,58,66,31,22,32,52,60,35,43,40,41,32,55,173,37,54,49,57,25,40,35,53,28,94,46,167,83,74,54,28,79,33,104,50,25,84,42,52,165,52,310,144,125,105,332,88,32,44,102,321,58,41,84,108,88,78,58,42,39,49,32,50,52,34,46,59,41,41,36,37,172,56,30,50,21,34,40,24,34,25,27,30,33,28,63,17,53,31,168,79,24,108,76,65,48,129,46,38,33,106,256,66,108,53,156,50,93,40,81,275,218,53,68,136,59,28,31,53,40,109,115,31,24,168,134,78,63,107,70,37,45,36,51,44,1072,43,104,60,59,20,23,57,20,103,36,83,61,45,59,825,84,868,48,44,79,23,60,542,67,123,22,50,51,49,23,56,52,176,142,32,264,47,70,49,69,54,67,146,56,22,38,47,25,60,46,85,71,60,37
"Clostridium cluster XIII",2,2,2,2,2,2,2,2,2,2,2,2,2,2,2,2,2,3,2,2,2,2,2,2,3,2,2,2,2,2,2,2,2,2,2,2,2,2,2,2,2,2,2,2,2,2,2,2,2,2,2,2,3,2,2,3,2,2,3,2,2,2,2,2,2,2,2,2,2,3,2,2,2,2,2,2,2,2,13,2,2,2,2,3,3,3,2,3,3,2,3,2,2,2,2,2,2,2,2,3,3,2,2,2,2,2,2,2,2,2,2,2,2,2,2,2,2,2,2,2,2,2,3,2,2,2,2,2,2,2,2,2,2,2,2,2,2,2,2,2,2,2,2,2,2,2,2,2,2,2,2,2,2,2,2,2,2,2,2,2,2,2,2,3,2,3,2,2,2,2,2,2,2,2,2,2,2,2,2,2,2,3,2,3,2,2,2,2,2,2,2,2,2,2,2,2,2,2,2,2,2,3,2,2,2,2,3,3,2,2,2,2,2,2,2,2,2,2,2,2,2,3,4,3,2,2,2,2,2,4,3,2,2,2,2,4,2,2,3,3,3,3,2,2,2,3,3,2,3,3,3,2,3,2,2,2,2,2,2,2,2,2,3,3,3,3,2,2,2,3,2,3,2,2,2,2,2,2,2,2,2,2,2,2,2,2,4,2,2,2,2,2,2,2,2,2,2,3,2,2,2,3,2,2,3,3,3,3,2,2,3,2,2,2,2,2,2,2,3,2,3,2,2,3,2,2,2,2,4,2,2,2,2,2,7,2,2,2,2,2,2,2,2,2,5,2,2,2,2,2,2,2,3,2,3,4,5,4,3,3,3,3,3,3,3,4,3,2,2,2,3,2,3,2,2,3,2,2,3,2,2,2,2,2,2,3,3,2,2,4,4,3,3,5,2,2,3,2,2,2,3,2,2,3,2,3,2,2,2,2,2,2,2,2,2,2,2,2,2,2,2,2,2,2,2,2,2,2,2,2,2,2,2,2,2,2,2,2,2,2,2,2,2,2,2,2,2,2,2,2,2,2,2,2,2,2,2,2,2,2,2,2,2,2,2,2,2,2,2,2,2,2,2,2,2,2,2,2,2,2,2,2,2,2,2,2,2,2,2,2,2,2,2,2,2,2,2,2,2,2,2,2,2,2,2,2,2,2,2,2,2,2,2,2,2,2,2,2,2,2,2,2,2,2,2,2,2,2,2,2,2,2,2,2,2,2,2,2,2,2,2,2,2,2,2,2,2,2,2,4,4,2,2,2,2,2,2,2,2,2,2,2,2,3,3,3,3,2,2,2,2,2,2,2,2,2,2,2,2,2,2,2,2,2,2,2,2,2,2,2,2,3,3,3,3,2,2,2,2,2,2,2,2,2,3,3,3,2,2,2,2,3,2,3,2,2,2,2,2,2,2,2,2,2,2,2,2,2,2,2,2,2,2,2,2,2,3,3,2,2,2,3,2,2,2,2,2,3,2,2,3,3,5,2,3,2,2,2,2,2,2,2,2,2,2,2,2,2,2,2,2,3,2,2,3,2,3,3,4,4,2,2,3,3,3,4,3,2,3,3,2,4,3,3,2,3,3,4,3,3,2,3,2,2,2,3,2,3,4,3,4,4,2,2,2,4,3,3,2,3,2,3,3,3,2,2,2,2,2,2,2,2,3,2,2,3,4,4,4,4,3,2,5,2,4,5,3,3,4,3,2,2,2,2,2,2,2,2,2,2,2,2,2,2,2,2,2,2,2,2,2,2,3,3,2,2,2,2,2,4,4,3,2,3,2,2,2,2,2,2,2,2,2,3,4,2,3,4,3,2,2,3,2,3,3,2,2,3,2,3,10,2,5,4,3,3,2,2,2,2,2,2,2,2,3,3,3,2,3,3,3,2,3,3,3,5,2,2,3,2,3,2,4,3,2,4,2,2,2,2,2,3,2,2,5,3,3,3,2,3,2,2,2,3,2,2,3,3,3,4,3,4,2
"Clostridium cluster XIVa",4220,2959,671,7016,3446,6788,3634,3389,2140,5601,2722,4250,2635,6669,4641,4373,3568,4510,3018,862,1108,1863,1659,2445,4905,2952,1302,1997,1883,2800,5964,2984,4596,7268,3396,2370,852,4403,1110,3783,5024,6507,2639,3176,3168,2031,3796,3429,12198,2674,4128,4893,2132,3883,3190,1993,5568,6563,1332,4386,4412,5442,3467,2025,3706,2054,2252,4045,3238,4867,3634,3233,3800,2631,1538,4690,3335,3393,1920,5296,3861,4830,3508,3841,3378,4614,6884,2313,4287,4437,4592,5755,4079,3077,7330,2890,3068,3271,2867,1528,3444,4755,2608,3178,2955,2199,5271,9037,2833,5681,2726,4205,2216,5461,8894,3029,3981,3718,4818,2860,5744,3097,1018,3258,4171,2584,4341,3980,1606,3212,2334,1941,3347,2689,1578,1158,4106,3647,4909,5226,2841,4379,4520,4535,4796,5432,5452,3705,2106,2745,4560,3003,5637,1096,3530,4633,3586,5011,3447,2361,2615,3785,3406,4121,4436,2970,3181,2033,1574,2162,469,4578,2086,3947,2865,3234,3032,3880,3595,2250,2134,5938,3232,1898,3478,1500,2647,1868,1456,688,3571,2239,1286,3626,4071,3102,1764,1524,3405,4713,1107,3316,1494,1701,3995,1242,2483,4202,4839,3910,3375,2870,3015,1385,2570,1505,4606,3376,5020,4381,4697,4092,1403,5261,2298,5278,2398,408,273,6358,1249,3120,1389,529,2491,4070,689,1832,285,2963,1342,2872,836,2138,547,3573,1727,2131,1241,5803,1989,502,1160,2605,2499,3951,6046,3149,4243,7792,5849,5601,5767,3944,4297,5671,5380,8758,6576,3777,4010,5380,5465,7340,4864,9277,4888,4737,2141,2618,4212,5800,8297,2809,2227,1942,1108,1812,2846,2108,2197,2993,3562,3716,351,2302,803,2042,2858,1590,1113,836,3291,1842,479,1296,1185,824,245,253,1406,384,1113,381,1024,1878,1448,3533,1317,1378,3278,1053,1382,1319,2578,1080,643,6287,811,2310,5553,1767,3833,8061,3303,6198,7025,4448,2568,3286,1629,4095,3977,4845,5756,3325,2795,1047,3895,3849,6530,2825,668,3590,835,1895,2655,1425,1269,1241,911,1555,1263,1712,1164,2080,1162,573,5465,2133,1500,3392,1550,4351,1836,1848,3103,1408,2264,869,1809,1800,2903,2992,1153,706,1408,1093,2405,1192,1343,1715,2109,1581,5160,3047,1248,1634,1484,1350,1798,4189,692,658,1027,2647,865,1585,1504,2448,3217,4695,1807,1876,1781,2399,1152,1920,3334,684,1825,2147,2701,2360,810,1979,1612,2809,2292,2485,1915,4501,2004,1718,2826,995,2080,2975,1708,1147,2442,1684,2868,1381,802,796,2580,1297,975,2920,1072,2064,2745,1400,1606,1203,478,1936,1397,742,504,1481,1861,1615,1688,3563,5247,4095,1390,2095,901,1627,1641,3404,1451,954,777,1422,1724,1908,952,493,1851,2528,1589,1787,3173,2158,3269,2220,2363,1129,1480,1793,2339,1388,3203,1431,2358,2002,1614,2265,2514,1788,1337,1385,2288,2586,1010,3718,3161,2118,2080,4412,2083,3199,3294,1057,1906,1128,2471,1301,5746,2078,2048,2663,1037,1090,1586,1566,2795,1871,1209,1919,2521,1519,4293,2230,1647,1739,2405,1668,3222,3034,944,3110,2766,1322,5592,1850,2252,3557,1281,3147,1066,1114,947,1304,1474,1274,3710,1446,1717,2579,1631,1448,2073,2059,917,1392,1753,1071,1548,1787,1082,1992,2134,1219,2960,2646,1538,2170,3259,1828,1435,1827,1010,2131,1869,2747,2631,1786,2158,1379,1407,4107,2222,2029,1855,4992,1524,2997,1423,1390,1581,1008,1500,1038,4654,2302,1599,2708,2811,2839,2235,2096,1100,2457,1981,1454,1955,1044,1717,3249,1444,1087,1071,1227,2041,2140,1623,886,2025,2460,2885,2095,5625,2693,5815,6679,5262,532,670,337,2764,3572,4049,3420,3866,1845,1167,1763,2867,578,1436,1468,1389,1173,1577,972,854,1954,1257,1325,1672,1766,762,2859,1657,6641,4047,9078,8164,5680,5885,2701,3415,3868,4826,1297,7475,2971,3048,4277,3649,6179,5308,2992,4468,4277,3318,2774,3636,3920,1382,2163,8294,3614,2996,4450,7990,4093,5518,4206,4542,4622,3876,4711,4273,2653,7576,1380,6515,3904,5167,2183,2400,4994,3904,5721,4456,4945,3366,5886,3348,5322,5093,1281,6854,5255,4858,3643,5207,2735,2497,1308,3243,3397,3468,2429,2434,1927,1335,2037,1940,3248,2178,1842,1478,2536,3120,3651,3491,3713,7149,4735,1295,2637,3515,2956,4286,2987,2803,5010,1382,4351,2661,3848,1598,1525,1389,2133,3591,3677,1983,2757,2568,2900,5113,3142,3433,3659,2199,1306,2863,5685,3794,3937,3741,3078,3118,3834,2004,874,1811,4139,4633,3609,3407,1617,942,4702,6572,1691,800,4447,4887,4972,2922,1880,2717,6992,1456,764,733,882,8902,5615,1219,844,3891,6631,3923,413,594,4687,502,5661,3395,7183,2998,2282,3778,1484,950,1478,3681,2759,3366,3492,5224,2079,2309,4226,4039,3931,3735,2230,1111,3241,4261,3550,4440,2682,1097,3532,2560,4417,2738,3559,1466,2883,1419,1891,4056,1533,1330,3078,2728,3761,4298,954,2043
"Clostridium cluster XV",1,1,1,1,1,1,19,1,1,12,2,3,2,1,2,4,1,1,1,1,1,1,1,7,2,1,1,1,1,1,1,1,1,1,1,1,1,1,1,1,1,1,1,1,1,1,5,1,1,1,3,2,2,1,1,2,2,2,10,1,1,1,1,1,1,1,1,1,2,2,1,1,1,1,1,1,1,1,2,1,1,1,1,3,2,3,2,2,3,1,1,2,1,1,1,1,1,1,1,2,2,1,1,1,1,1,2,3,1,2,1,1,1,1,2,1,2,1,1,1,1,2,1,1,2,1,1,1,1,1,1,1,2,1,1,1,1,1,1,1,1,1,1,1,1,1,1,1,1,1,1,1,1,1,1,2,3,2,3,2,3,5,2,2,2,2,1,1,1,1,1,1,1,1,1,1,1,1,1,1,3,2,2,2,1,1,1,1,2,1,1,1,1,1,1,1,2,2,1,1,1,1,1,1,1,1,1,3,1,1,1,1,1,1,1,1,1,1,1,1,1,2,2,2,1,1,1,1,2,3,1,1,1,1,1,3,1,1,1,2,2,2,1,1,1,2,2,1,2,3,2,1,1,1,1,1,1,1,1,2,181,1,4,2,2,2,1,3,2,2,2,2,2,3,1,4,1,1,1,1,1,1,1,1,1,1,1,1,1,1,1,1,3,1,1,1,1,1,1,1,1,1,1,1,2,2,1,2,1,1,2,1,1,1,1,1,1,1,1,1,1,1,1,1,1,1,1,4,25,2,1,1,2,1,4,5,1,1,3,1,10,11,1,1,3,2,1,1,2,1,1,1,2,1,2,2,4,2,2,1,1,1,2,2,1,4,1,1,1,1,3,1,2,1,1,1,1,1,1,1,1,1,1,1,1,2,1,1,1,2,2,1,1,4,1,1,1,1,1,1,1,2,1,1,1,1,1,1,1,1,1,1,1,1,1,1,1,1,1,1,1,1,1,1,1,1,1,1,1,1,1,1,1,1,1,1,1,1,1,1,1,1,1,1,1,1,1,1,1,2,1,1,1,1,1,1,1,1,1,1,1,1,1,1,1,1,2,1,1,1,1,1,1,1,1,1,1,1,1,1,1,1,1,1,1,1,1,1,1,1,1,1,1,1,1,1,1,1,1,1,1,1,1,1,1,1,1,1,1,1,1,1,1,1,1,1,1,1,1,1,1,1,1,1,1,1,1,1,1,1,1,1,1,1,1,1,1,1,1,1,1,1,1,1,1,1,1,1,2,2,4,1,1,1,1,1,1,1,1,1,1,1,1,1,2,1,2,1,1,1,1,1,1,2,1,1,1,1,2,1,2,2,1,1,1,1,1,1,1,1,1,1,2,1,1,1,3,1,1,2,1,3,1,1,1,1,1,1,1,1,2,2,1,1,1,1,1,1,1,1,1,1,1,1,1,1,1,1,1,1,1,1,1,1,1,1,2,1,2,2,1,2,1,1,1,6,19,1,2,1,1,2,3,1,6,1,1,1,1,1,1,1,1,1,1,1,1,1,1,1,2,2,3,2,2,2,3,2,4,2,1,1,1,2,2,3,2,1,4,2,1,3,2,1,1,1,3,2,2,2,1,2,1,1,1,3,1,1,2,2,3,2,3,1,5,2,2,3,1,3,1,3,2,2,3,2,1,1,1,3,1,1,2,1,1,1,4,4,3,2,2,2,4,2,2,5,2,3,3,2,1,1,1,1,1,1,1,1,1,1,1,1,1,1,1,1,1,1,1,1,2,1,1,2,1,1,1,1,1,3,3,1,1,2,3,1,1,1,1,1,1,1,1,4,2,2,2,3,3,1,2,3,1,3,2,1,1,2,1,8,3,1,5,3,2,2,1,1,5,2,1,1,1,1,2,3,1,2,2,3,2,2,1,2,2,7,2,1,1,1,4,6,4,3,1,2,1,1,1,4,1,1,1,1,3,2,6,3,1,3,2,1,1,1,1,1,2,2,2,2,2,2,1
"Clostridium cluster XVI",11,12,19,18,18,15,448,8,8,35,13,30,9,7,23,12,23,10,10,9,94,32,14,59,782,11,12,8,22,14,19,44,51,43,15,25,8,29,10,18,27,79,61,6,57,22,17,28,14,7,27,26,38,13,11,18,30,8,15,22,16,60,62,26,26,10,10,102,27,27,30,17,11,46,14,10,7,27,11,29,12,15,7,32,10,9,38,13,123,29,57,41,34,40,17,21,16,39,24,12,20,30,19,24,17,39,11,11,19,22,19,6,23,8,19,30,21,27,12,26,21,15,15,14,33,55,18,18,8,28,15,25,8,21,11,7,17,29,15,35,14,20,36,115,25,14,43,13,11,19,24,25,60,9,22,28,69,43,28,24,17,71,31,30,17,57,18,14,19,12,8,22,17,21,14,19,19,26,40,20,14,28,11,26,53,18,20,41,14,8,8,11,8,34,23,25,18,5,9,29,10,16,14,12,24,8,14,41,26,56,8,114,13,11,23,10,22,28,15,6,221,86,26,24,25,8,16,11,6,33,10,10,15,7,22,32,8,17,7,21,9,18,12,56,6,38,20,16,20,29,12,9,16,17,82,11,13,8,12,39,25,31,36,31,37,54,22,84,35,46,36,79,24,34,24,13,30,10,43,14,22,30,25,10,14,11,66,33,6,15,11,11,21,47,7,11,9,10,8,9,8,9,13,14,12,10,9,13,7,6,10,5,8,5,10,6,10,299,10,8,9,9,11,20,9,7,8,18,22,15,349,11,119,85,9,13,18,31,101,107,37,225,38,32,40,54,18,15,14,10,18,14,9,9,11,14,27,13,12,12,13,11,12,12,9,18,14,5,13,11,11,18,13,14,11,10,16,8,28,9,16,14,11,44,19,10,8,13,8,22,18,11,12,28,9,14,10,16,6,9,12,12,7,9,11,13,8,10,8,10,6,13,7,9,11,10,11,14,11,10,9,18,10,10,9,27,8,10,8,7,8,11,7,6,10,10,10,11,9,10,11,8,14,12,7,8,9,8,7,27,11,7,8,12,6,10,6,12,7,7,7,7,10,7,10,15,12,8,12,7,6,9,8,7,7,9,6,16,9,7,13,6,15,7,13,13,11,11,22,9,9,9,7,9,7,7,8,6,8,20,9,9,6,11,6,11,18,9,13,16,24,19,31,9,9,8,12,12,7,8,24,9,16,7,7,8,10,21,26,10,9,7,8,10,11,14,13,8,12,15,10,14,9,12,5,8,9,8,45,16,19,9,10,13,9,14,8,6,14,8,8,9,21,11,12,11,13,8,8,10,8,6,7,7,8,8,6,7,43,12,10,16,9,13,10,7,7,14,8,8,10,12,11,11,14,10,13,9,9,7,10,12,15,12,11,9,10,10,11,12,18,16,15,9,9,14,10,15,12,8,16,11,8,5,8,7,14,10,12,8,11,8,29,11,9,11,84,12,8,16,9,10,7,7,7,8,10,55,10,11,9,9,19,6,22,66,26,10,69,29,7,38,59,16,123,9,11,15,12,9,17,60,43,161,26,18,26,30,31,13,16,36,16,12,13,14,20,18,12,41,8,18,54,25,16,15,53,49,16,34,7,9,8,15,27,20,6,42,39,18,123,21,36,30,10,27,13,17,8,52,16,33,42,15,51,14,15,20,35,21,21,21,17,30,26,11,13,64,48,78,44,22,20,24,37,20,20,19,18,47,10,231,17,16,23,191,35,25,139,913,150,13,9,40,40,19,144,19,11,7,11,194,117,38,16,16,13,16,9,15,48,10,11,13,10,9,9,17,13,13,10,10,96,44,41,36,71,28,56,28,12,54,10,54,10,15,8,16,18,17,30,34,34,19,8,10,21,24,6,11,31,76,35,8,9,29,7,78,21,42,37,10,17,12,10,26,7,30,8,18,29,12,13,39,20,15,8,20,6,13,17,34,14,13,14,23,40,49,25,40,7,19,7,9,28,25,20,68,24,22,44,36,20
"Clostridium cluster XVII",0,0,25,1,1,1,0,1,0,0,1,0,1,0,1,0,24,1,0,2,254,2,1,117,63,1,1,1,1,0,49,44,10,0,1,11,0,15,1,0,1,30,0,0,90,20,9,1,1,0,0,1,2,0,24,2,1,0,0,0,1,7,0,1,0,0,0,0,0,2,1,0,0,1,8,0,0,1,0,0,1,1,0,2,1,1,1,1,4,1,1,6,1,64,1,7,0,0,0,1,2,0,11,1,0,0,1,1,0,1,1,0,3,0,1,0,1,1,1,1,1,0,1,1,1,1,0,1,0,0,0,0,1,2,0,0,0,2,1,21,0,0,0,0,0,1,1,1,0,0,1,0,0,0,1,7,1,1,1,1,1,8,1,1,1,0,5,2,0,22,0,0,0,0,0,1,1,0,0,1,0,1,1,2,0,1,1,2,0,0,0,0,0,0,2,0,0,0,0,0,0,1,1,2,0,0,1,1,0,0,1,0,0,12,0,0,0,1,0,0,1,5,2,1,12,1,1,0,0,3,1,1,9,0,1,2,0,1,0,1,2,1,1,1,0,2,2,1,2,2,1,0,7,1,1,1,1,0,0,44,0,0,1,2,2,2,0,1,0,14,0,7,0,0,4,1,0,1,1,0,0,1,0,0,0,6,0,0,0,0,1,0,191,1,0,0,0,1,1,0,1,1,1,1,2,2,1,5,0,0,2,0,0,0,0,1,0,15,0,0,0,1,0,1,0,0,0,1,0,2,381,1,2,1,35,1,1,1,1,1,255,53,66,2,1,36,1,0,1,1,3,1,2,1,1,3,2,2,2,3,1,1,2,2,1,3,2,0,0,0,2,0,2,1,1,1,0,0,14,0,1,6,0,1,0,2,1,0,0,2,2,2,1,4,0,0,1,0,0,0,1,1,0,0,0,4,6,0,0,0,0,1,0,0,0,0,0,0,1,1,0,11,0,0,0,0,0,1,1,0,0,5,1,0,0,0,1,1,0,0,0,0,0,0,0,0,1,0,1,1,1,0,0,0,0,2,1,0,0,2,0,3,1,0,1,0,0,1,5,1,0,1,0,1,0,0,0,0,1,0,0,0,1,0,1,0,1,0,1,1,3,0,1,1,0,1,1,0,6,1,3,1,0,0,0,0,1,0,0,1,1,1,3,1,0,1,1,0,18,1,0,0,1,0,0,0,1,0,0,1,0,0,0,0,0,0,1,0,2,1,3,2,1,1,0,0,0,0,1,2,2,1,1,1,2,0,0,0,0,0,1,1,7,1,2,1,2,0,0,0,1,0,0,2,0,0,0,0,0,0,0,4,0,0,0,0,0,0,0,0,0,1,0,2,1,0,1,0,0,0,0,0,0,0,1,0,1,2,1,3,0,2,1,1,0,1,0,0,0,1,0,0,0,0,0,0,0,0,5,0,0,0,1,0,0,1,1,1,1,0,0,2,0,0,14,0,1,22,0,0,2,2,2,0,2,20,205,2,19,7,2,270,3,3,10,1,0,1,1,1,2,2,3,1,1,1,3,2,3,2,1,0,2,1,2,2,2,0,2,1,1,2,2,11,1,2,1,2,2,7,1,2,1,1,1,2,0,1,2,2,25,2,1,1,1,2,2,1,1,1,1,2,1,1,1,1,1,1,0,1,0,1,2,0,4,1,2,2,2,10,2,0,4,0,2,4,1,2,4,2,1,1,0,1,3,1,11,1,65,1,1,0,1,0,0,1,1,1,0,0,0,99,323,2,1,5,0,1,1,2,2,1,0,3,1,1,1,1,2,1,1,1,1,1,2,23,2,2,2,0,0,1,1,2,1,0,0,1,1,14,1,1,2,2,2,2,0,1,0,2,1,1,1,0,2,1,1,1,1,1,1,0,1,2,2,3,1,0,1,0,2,1,2,1,1,2,2,1,0,0,1,1,1,0,2,2,2,63,2,1,0,1,0,1,2,0,2,1,2,4,2,3,0
"Clostridium cluster XVIII",4,7,4,13,16,11,39,49,8,23,20,15,41,5,17,13,6,12,12,15,6,19,15,20,16,15,15,23,12,7,9,5,6,15,9,4,8,7,17,6,20,5,6,11,5,6,10,9,36,8,7,11,7,10,5,9,12,11,8,7,10,6,6,7,7,7,9,4,10,11,19,45,6,11,4,6,6,12,6,7,10,10,9,16,9,11,24,11,6,7,12,7,9,6,5,7,6,5,7,7,9,7,5,10,9,9,11,29,5,14,18,13,5,7,10,6,12,17,12,11,10,4,7,12,15,5,7,28,6,9,8,7,18,13,6,4,7,4,8,5,4,9,4,8,8,10,15,11,5,5,26,5,8,6,9,10,11,17,11,10,9,8,8,6,6,6,5,6,5,6,4,9,8,5,8,8,11,4,6,7,7,7,14,9,4,4,10,12,6,4,8,5,4,5,4,6,6,4,5,5,5,7,11,5,8,5,8,7,7,7,10,4,8,5,5,6,7,11,9,8,42,7,9,10,9,10,10,5,4,19,7,12,5,4,9,10,5,7,6,10,6,8,8,7,5,9,9,7,6,22,9,5,7,31,24,25,9,6,5,5,7,8,6,11,20,13,8,13,10,8,5,6,5,6,7,9,9,9,12,7,7,9,15,6,8,4,7,7,34,7,11,9,7,5,5,9,8,15,11,7,8,7,11,9,8,8,11,7,4,4,8,4,11,5,8,13,6,5,6,6,7,14,6,11,8,4,5,24,6,11,21,13,48,11,10,22,31,25,9,9,54,9,27,35,30,17,20,7,33,17,142,20,6,10,6,11,13,8,8,8,6,6,6,9,7,19,7,4,7,6,6,5,10,12,7,6,6,5,7,6,11,6,8,13,4,6,8,7,6,9,11,7,8,13,7,8,8,7,5,6,7,6,4,6,5,6,4,6,7,9,12,31,11,8,11,8,7,6,52,4,5,5,6,5,11,7,9,12,12,10,8,4,13,7,9,5,21,15,6,8,6,5,8,7,5,4,14,7,4,52,4,6,8,7,5,9,4,6,8,5,4,5,8,5,12,8,12,13,4,8,7,4,10,11,4,7,6,5,7,7,6,4,13,10,7,7,5,9,16,8,8,5,5,12,22,13,12,4,6,9,5,11,10,5,6,6,16,8,7,8,18,13,10,9,7,10,16,5,6,4,11,5,20,9,8,13,4,4,7,8,8,5,4,6,7,7,30,5,4,8,4,5,11,15,6,4,9,4,18,8,11,8,6,8,4,5,5,6,4,6,12,14,5,13,9,7,11,7,4,5,4,5,6,6,6,6,7,8,7,8,4,6,6,5,4,8,5,6,6,5,7,6,7,6,6,4,8,5,5,5,4,7,5,6,7,6,9,4,12,4,6,7,13,7,5,5,4,5,6,4,10,6,7,4,5,5,4,7,4,5,5,6,8,8,6,5,14,9,7,5,5,6,4,4,6,7,10,8,5,8,8,9,16,4,7,5,7,10,7,4,6,7,10,22,7,9,8,10,9,20,52,33,40,12,12,12,6,10,30,9,25,7,6,15,10,13,9,7,20,12,10,16,15,7,5,12,16,9,12,6,24,8,8,10,12,16,7,18,13,10,14,13,9,9,13,14,10,11,13,12,9,14,18,13,7,14,12,9,8,10,11,8,10,6,6,7,10,11,10,8,6,7,11,5,10,13,6,8,9,7,20,43,70,44,138,10,4,10,8,27,34,16,21,8,9,14,26,16,7,7,12,9,8,13,8,6,9,11,13,15,14,10,7,31,21,33,22,44,37,12,30,24,11,7,13,8,7,8,6,5,7,16,16,25,51,15,8,19,8,15,14,9,10,10,11,15,4,10,8,8,9,23,18,6,8,11,10,16,16,17,6,5,18,10,8,12,13,6,5,7,15,7,8,6,15,11,48,8,5,5,12,12,10,6,11,7,6,12,6,7,5,16,77,18,30,7,13,19,23,34,20,18,5
"Uncultured Clostridiales",32,468,194,632,34,31,33,291,34,34,56,33,45,116,79,36,38,487,40,45,115,172,62,111,318,31,202,217,109,83,34,38,152,229,80,1483,160,292,1072,61,33,265,238,33,34,405,317,49,71,206,264,485,537,91,115,137,981,40,874,337,288,603,256,330,238,447,473,234,65,473,36,36,106,170,188,37,37,1511,283,44,118,103,145,693,146,43,35,46,836,799,96,380,1064,654,91,357,332,407,163,688,689,264,421,640,401,109,362,178,801,306,153,34,357,43,93,384,621,362,123,1703,472,285,470,127,487,525,127,227,66,124,408,114,206,206,67,41,77,235,582,204,328,134,177,658,215,69,709,304,52,109,336,86,193,604,70,261,211,391,453,348,609,215,526,240,104,737,158,436,508,119,50,148,570,782,263,298,278,296,81,401,184,121,533,578,277,765,215,429,681,196,100,40,144,4156,68,224,383,32,33,38,196,41,215,112,485,75,62,293,98,51,37,139,52,328,505,107,138,31,29,219,127,823,158,166,74,56,36,33,35,500,40,360,94,31,50,458,56,1103,40,124,114,53,70,252,60,196,256,71,348,402,135,89,73,38,317,179,56,35,37,54,36,90,43,718,56,369,43,69,40,334,50,102,121,56,46,42,107,127,99,202,126,198,35,189,212,120,1476,35,30,48,46,64,30,96,36,49,43,618,69,39,263,92,38,90,63,797,43,125,92,93,58,30,40,32,87,34,93,1121,1458,699,49,55,45,43,49,34,64,114,110,144,44,1007,62,39,207,92,266,35,971,991,75,68,160,253,510,127,253,60,1300,39,192,1373,120,223,247,206,1012,97,51,669,1093,482,66,435,293,1853,419,136,846,63,771,617,268,135,75,90,939,616,847,389,847,106,422,575,892,56,89,333,458,924,728,102,49,1027,1005,725,50,40,44,504,187,565,88,784,241,643,387,43,209,280,31,51,69,1508,343,166,34,312,123,698,745,818,754,935,264,735,96,2411,119,41,235,35,36,45,616,65,340,40,985,883,77,36,246,1640,170,450,41,482,176,171,2453,82,75,243,231,186,54,102,391,351,201,464,1044,424,248,412,1011,131,3005,86,794,247,85,39,374,632,1322,168,198,213,367,363,457,57,192,351,314,594,245,554,1947,586,387,736,49,52,405,137,41,400,162,511,143,117,136,261,375,108,1029,628,2303,662,695,286,1046,102,39,1867,500,826,49,982,42,35,41,34,184,85,217,878,61,879,192,738,625,116,52,62,700,432,49,414,84,236,265,168,473,610,1202,158,281,99,1113,104,453,784,335,166,216,660,466,888,1318,69,784,658,227,274,296,528,221,32,89,138,827,372,36,267,621,1014,1025,1339,562,173,502,461,945,235,468,54,214,513,624,81,602,473,1601,383,226,41,487,2180,157,62,84,520,70,337,965,1613,1029,126,395,1004,108,271,1058,698,625,206,212,665,152,32,1071,374,749,1041,379,532,183,909,1392,63,238,630,141,53,38,724,946,105,82,3024,43,37,76,46,78,1010,129,45,99,1423,55,35,81,38,160,37,33,91,69,40,280,41,65,301,1426,38,855,154,203,701,1319,984,323,300,160,77,265,449,43,51,257,63,44,104,54,383,50,87,157,85,218,140,194,426,246,666,45,49,43,40,335,139,35,152,59,117,347,365,676,73,172,270,471,940,92,457,607,53,893,189,1075,68,241,528,920,1092,249,137,107,502,377,104,1115,197,371,1038,983,140,190,331,124,102,425,101,125,196,616,219,37,134,37,237,85,100,35,655,390,40,358,44,199,43,106,276,1110,66,590,212,633,337,371,206,387,264,109,94,289,58,45,312,290,51,62,213,93,201,159,95,210,971,945,200,779,120,51,2326,1334,308,38,61,166,38,33,45,2704,180,50,375,1567,1273,45,53,45,173,74,115,138,89,224,95,103,152,141,80,245,57,72,97,42,58,83,1280,290,76,41,41,79,579,153,855,430,337,55,146,35,36,65,1181,300,106,249,84,190,100,377,317,84,129,90,43,39,2646,48,566,137,544,383,392,445
"Uncultured Mollicutes",7,69,42,253,8,7,8,10,7,8,7,8,7,7,6,7,8,8,7,9,48,8,9,16,26,7,13,167,12,11,8,7,8,11,8,8,7,8,24,12,7,8,7,7,7,9,9,7,8,15,51,38,38,14,8,12,14,8,18,10,7,56,18,13,16,12,9,9,8,34,9,8,11,13,21,8,8,29,17,9,7,8,8,18,13,10,8,10,114,34,10,14,22,14,10,8,11,21,10,15,12,31,13,13,14,9,25,8,23,8,11,8,11,7,8,9,160,11,9,46,8,16,13,8,24,25,8,9,13,9,12,7,8,34,10,7,7,8,19,8,8,8,7,29,10,20,48,9,8,7,9,7,35,10,9,43,9,18,12,34,23,42,9,14,10,10,14,9,18,8,8,7,19,62,14,41,7,8,9,10,9,10,10,10,8,8,11,8,59,22,9,8,8,28,8,8,11,7,8,9,8,9,8,7,44,8,9,11,8,8,8,8,7,9,8,8,7,7,7,7,7,27,38,15,10,9,9,8,8,102,9,11,8,7,9,19,8,21,9,56,12,10,9,9,8,10,31,9,13,53,10,16,10,8,8,71,8,8,7,8,8,8,10,11,11,14,8,9,9,10,8,10,9,9,9,9,9,8,9,15,10,18,8,13,7,7,30,7,7,7,8,8,7,7,9,8,12,1071,10,9,11,9,9,9,12,206,10,23,8,16,11,7,8,7,8,8,19,99,10,228,10,8,8,10,10,7,178,14,11,9,8,134,10,8,10,9,9,8,138,48,8,8,9,43,22,48,9,9,106,9,8,8,11,9,10,14,15,12,11,13,31,22,11,11,12,268,46,7,44,8,109,24,19,10,8,11,16,62,167,9,30,14,8,35,19,11,9,13,28,51,68,10,10,72,73,10,10,8,8,71,19,15,21,79,27,35,8,7,22,55,7,8,8,93,8,10,7,23,8,52,69,20,110,103,204,180,32,15,8,8,22,7,7,8,9,7,39,8,199,52,10,8,55,180,15,31,9,10,12,8,45,8,8,48,7,9,7,8,9,65,8,103,56,10,7,16,28,10,319,10,10,8,8,8,25,8,31,8,10,7,23,11,31,7,8,9,20,8,9,27,80,358,8,12,8,7,41,7,8,49,7,8,7,28,7,19,9,9,354,16,9,10,114,9,116,8,8,200,25,12,7,15,8,8,7,9,7,8,169,66,8,13,7,9,20,10,8,8,160,21,8,8,7,9,13,7,44,40,23,14,18,8,22,9,19,14,71,11,8,17,13,16,20,11,43,15,11,10,10,21,13,7,9,10,16,44,8,44,10,10,14,45,10,9,18,22,20,10,17,8,10,21,44,10,15,15,24,10,9,8,12,300,17,9,13,25,10,21,15,77,37,11,25,13,9,57,56,10,20,9,8,13,9,7,23,27,36,29,9,20,7,10,113,9,11,18,11,9,8,23,80,40,8,292,8,8,9,10,8,47,10,10,15,9,12,8,9,9,8,8,7,8,12,10,8,8,11,26,42,8,17,9,9,11,179,657,13,30,15,13,56,8,9,11,17,13,10,9,11,11,9,15,20,14,17,16,31,34,25,94,7,10,8,9,18,12,7,9,14,15,12,15,15,9,8,16,19,31,11,9,13,12,72,9,9,9,8,13,13,11,11,8,9,113,18,19,18,14,131,20,54,9,18,9,15,17,10,12,16,11,19,58,8,56,7,9,7,8,7,8,328,8,34,13,223,8,11,10,54,7,271,49,8,97,13,12,120,37,8,14,19,9,9,11,8,7,12,9,9,9,15,15,2495,24,14,35,20,13,11,27,14,13,8,19,16,9,8,10,46,13,10,8,41,23,10,12,8,8,8,31,17,42,10,16,11,10,10,10,35,10,11,8,8,13,20,44,17,8,9,9,21,9,14,11,8,19,8,9,8,9,11,88,8,8,17,11,11,30,9,31,29,12,8,10,8,24,12,23,13,20,17,22,30
"Fusobacteria",4,4,4,4,4,4,4,4,4,5,4,4,4,4,4,4,5,5,4,5,4,5,5,5,5,4,5,4,4,4,5,4,4,4,4,4,4,5,4,4,5,5,4,4,4,5,4,4,4,5,5,5,6,4,5,7,5,5,5,4,4,4,4,5,4,4,5,4,4,6,5,5,5,5,4,4,5,5,5,5,4,5,4,6,6,6,5,6,6,5,6,5,5,5,5,4,4,4,5,6,6,5,4,5,4,5,4,4,4,4,4,4,5,4,4,4,4,4,4,4,5,4,6,4,5,4,4,5,5,5,5,4,5,5,5,4,4,4,5,4,4,4,4,5,4,5,5,5,4,4,4,4,5,4,5,5,5,5,5,5,5,4,5,6,5,6,5,4,4,4,4,4,4,4,4,4,4,4,5,5,5,5,4,6,5,5,4,5,5,4,5,5,5,5,5,5,5,4,4,5,4,5,5,4,4,5,6,6,5,4,5,4,8,5,4,4,4,4,4,4,4,6,8,6,5,5,5,5,4,7,6,5,5,4,5,8,5,5,5,6,6,6,5,5,4,6,7,5,6,6,6,5,6,4,4,4,5,5,4,5,5,4,6,6,6,6,5,5,5,6,5,6,5,5,5,5,5,4,4,4,5,5,5,4,4,4,4,4,4,4,4,4,4,4,5,5,4,5,5,5,5,5,5,5,7,7,6,7,4,4,6,4,5,4,5,5,5,5,5,6,6,4,5,6,5,4,4,6,5,6,159,6,5,5,5,5,5,5,5,5,5,4,5,5,5,5,5,5,5,6,5,4,7,5,7,8,10,8,7,5,6,6,8,7,5,9,6,4,5,5,6,4,7,5,5,6,5,5,5,4,5,5,4,5,5,6,6,5,5,7,8,6,6,9,5,5,6,5,4,5,5,6,4,6,5,5,4,4,5,4,4,4,4,5,4,5,4,5,5,4,4,4,5,4,4,4,5,5,4,4,4,4,4,4,5,4,4,4,4,4,5,5,5,5,4,4,5,5,4,5,4,4,5,5,4,5,4,5,5,5,4,4,4,4,4,4,4,5,4,4,4,4,4,5,4,4,4,4,4,4,4,4,4,4,5,5,4,5,4,5,5,4,4,5,5,4,4,4,5,4,4,4,4,4,4,4,4,4,5,5,5,5,5,5,4,4,4,4,4,4,4,4,4,5,4,5,4,4,4,4,4,4,4,4,4,4,4,4,4,5,4,4,4,5,4,4,4,4,5,8,9,4,5,5,5,5,5,4,4,4,5,5,6,6,6,5,6,5,5,5,4,4,5,5,5,5,5,5,5,5,5,6,5,4,4,4,5,5,5,4,5,6,6,6,6,5,5,5,4,5,4,5,4,5,6,5,5,4,5,5,5,6,5,5,5,5,5,4,4,4,5,4,5,4,4,4,4,4,4,5,4,5,5,5,5,5,6,5,17,5,5,7,5,5,5,5,5,11,4,5,6,6,9,5,5,5,5,5,5,5,4,4,4,5,5,5,4,5,5,4,5,5,5,5,5,5,6,7,9,8,5,5,5,7,6,8,6,4,6,6,5,9,7,6,4,6,6,8,7,6,4,6,5,5,5,7,4,5,7,6,7,7,6,5,4,8,7,7,4,6,5,7,5,6,5,5,5,5,4,5,5,5,6,4,5,5,8,8,9,7,7,6,9,5,7,10,6,7,9,7,4,4,5,4,5,5,4,4,4,4,5,4,5,5,5,5,4,5,5,4,5,4,5,6,4,5,5,5,5,8,7,5,5,6,4,4,4,5,5,5,5,4,5,5,7,5,6,8,6,4,4,6,5,6,5,5,5,6,4,7,7,4,10,8,6,7,4,4,5,5,5,5,5,5,7,5,5,5,6,6,6,5,5,7,7,9,5,5,6,5,7,5,9,7,4,6,4,5,5,5,5,5,4,4,9,7,7,7,5,6,4,4,5,6,5,5,7,6,7,7,7,8,5
"Proteobacteria",41,58,97,47,46,84,57,53,39,72,66,60,58,57,47,81,67,113,83,74,57,55,59,68,118,3115,48,63,71,47,61,83,54,67,65,64,74,82,53,66,42,68,98,40,48,73,71,58,61,58,70,123,79,50,133,98,86,54,96,68,46,52,61,74,60,65,84,56,78,62,50,64,66,73,59,87,47,61,72,63,53,84,55,97,89,79,50,64,122,123,86,90,67,82,54,66,90,77,100,98,79,60,87,80,58,53,48,48,62,55,54,44,106,72,95,65,146,123,66,80,56,103,70,43,68,130,50,99,86,46,47,61,44,83,47,41,55,73,93,63,72,102,46,91,82,72,55,50,52,46,48,52,55,102,51,100,113,74,107,87,126,69,70,137,73,96,78,52,51,59,42,59,39,50,82,59,48,53,51,60,64,71,98,72,57,88,55,61,101,47,79,43,47,83,64,54,72,35,68,63,45,54,43,44,47,50,56,86,47,42,88,95,36,54,101,42,46,52,60,46,70,85,98,90,62,63,76,51,54,184,82,71,105,49,60,163,64,77,107,134,79,118,75,60,44,106,100,89,95,140,105,55,65,82,75,50,70,106,41,58,103,49,65,112,151,91,90,85,67,122,86,99,83,64,111,72,89,85,54,61,67,109,66,72,50,47,70,39,38,56,45,48,66,50,246,460,77,396,558,787,186,223,591,410,115,352,80,202,44,61,100,63,187,59,196,109,279,129,159,373,317,196,356,285,157,433,103,139,80,104,121,363,159,80,69,83,70,78,72,149,138,96,83,174,442,214,103,342,128,317,147,61,85,272,89,118,128,114,99,67,100,112,307,111,59,268,121,69,180,93,198,196,138,156,167,87,117,84,94,109,99,68,159,210,142,70,141,108,139,136,223,123,122,148,435,155,142,66,59,134,110,148,92,204,213,212,77,148,93,98,46,130,73,256,122,460,1063,80,392,74,198,343,133,163,143,303,79,88,143,201,211,582,226,269,60,50,88,461,78,65,1438,99,656,274,140,48,149,257,65,70,77,59,106,136,56,55,44,74,104,65,50,125,85,71,49,85,91,237,119,61,64,76,134,171,51,66,73,53,56,125,52,42,48,47,75,69,67,68,48,110,75,69,49,95,67,83,168,59,219,56,61,86,136,74,83,67,73,52,52,82,66,96,57,63,88,124,67,46,63,50,41,38,53,45,57,49,47,46,56,91,48,72,46,72,80,78,58,67,60,78,55,63,39,48,42,50,60,53,71,122,138,204,74,47,66,63,65,45,49,77,68,63,90,108,76,72,86,79,69,66,51,63,87,75,74,83,164,62,131,122,113,97,128,69,47,73,63,94,107,50,71,89,102,68,79,81,99,78,130,50,74,78,50,95,62,64,65,62,111,131,111,126,136,101,116,68,79,74,78,119,61,50,55,123,78,77,57,69,52,100,70,76,105,94,60,124,86,139,338,109,448,82,64,54,53,46,84,105,129,276,79,217,129,49,148,2262,126,82,112,2515,550,109,258,104,331,57,558,89,146,77,246,109,111,95,710,716,82,95,158,110,70,100,68,77,82,120,63,51,74,92,73,92,75,93,155,71,92,120,84,67,50,89,58,55,65,89,37,69,100,92,122,163,116,92,82,94,86,114,52,63,94,87,133,75,81,59,75,49,71,76,45,60,76,73,86,72,92,82,95,88,86,59,122,56,100,120,68,78,95,78,72,53,90,82,128,194,73,364,57,55,69,53,58,49,59,46,50,163,168,68,76,65,86,110,66,101,77,71,90,108,338,133,104,4800,49,67,6537,126,101,90,923,104,548,2642,93,79,95,81,74,55,47,68,82,74,75,50,63,100,89,122,571,78,107,86,70,80,195,75,75,49,95,66,58,50,70,65,52,72,73,122,70,57,56,73,69,116,57,56,63,60,175,119,101,78,52,139,96,96,48,53,57,70,124,58,116,74,80,110,55,77,49,46,133,129,54,72,76,85,90,103,83,96,78
"Spirochaetes",0,0,0,0,0,0,0,0,0,0,0,0,0,0,0,0,0,0,0,0,1,0,0,0,0,0,0,0,0,0,0,0,0,0,0,0,0,0,0,0,0,0,0,0,0,0,0,0,0,0,0,0,0,0,0,1,0,0,0,0,0,0,0,0,0,0,0,0,0,1,0,0,0,0,0,0,0,0,0,0,0,0,0,1,0,1,0,1,1,0,0,0,0,0,0,0,0,0,0,1,1,0,0,0,0,0,0,0,0,0,0,0,0,0,0,0,0,0,0,0,0,0,0,0,0,0,0,0,0,0,0,0,0,0,0,0,0,0,0,0,0,0,0,0,0,0,0,0,0,0,0,0,0,0,0,0,0,0,0,0,0,0,0,0,0,0,0,0,0,0,0,0,0,0,0,0,0,0,0,0,0,0,0,1,0,0,0,0,0,0,0,0,0,0,0,0,0,0,0,0,0,0,0,0,0,0,0,0,0,0,0,0,0,0,0,0,0,0,0,0,0,0,1,1,0,0,0,0,0,1,0,0,0,0,0,1,0,0,0,0,1,1,0,0,0,0,1,0,1,1,0,0,0,0,0,0,0,0,0,0,0,0,0,1,1,1,0,0,0,0,0,0,0,0,0,0,0,0,0,0,0,0,0,0,0,0,0,0,0,0,0,0,0,0,0,0,0,0,0,0,0,0,0,0,1,1,0,1,0,0,1,0,0,0,7,0,0,0,0,0,0,0,0,0,0,0,0,0,0,0,0,0,0,0,0,0,0,0,0,0,0,0,0,0,0,0,0,0,0,0,0,0,1,0,1,1,1,1,1,0,0,1,1,1,1,1,1,0,0,0,0,0,1,0,0,1,0,0,0,0,0,0,0,0,0,1,0,4,0,1,1,0,0,1,0,0,1,0,0,0,0,0,0,0,0,0,0,0,0,0,0,0,0,1,0,0,3,0,0,1,0,0,0,0,0,0,0,0,0,0,0,0,0,0,0,0,0,0,0,0,0,0,0,0,0,0,0,0,0,0,1,0,0,0,0,0,0,0,0,0,0,0,0,0,0,0,0,0,0,0,0,0,0,0,0,0,0,0,0,0,0,0,0,0,0,0,0,0,0,0,0,0,0,0,0,0,0,0,0,0,0,0,0,0,0,0,0,0,0,0,0,0,0,0,0,0,0,0,0,0,0,0,0,0,0,0,0,0,0,0,0,0,0,0,0,0,0,0,0,0,0,0,0,0,0,0,0,0,0,1,1,0,0,0,0,0,0,0,0,0,0,0,0,0,0,0,1,0,0,0,0,0,0,0,0,0,0,0,0,0,0,0,0,0,0,0,0,0,0,0,0,0,0,0,0,0,0,0,0,0,0,0,0,0,1,0,0,0,0,0,0,1,0,0,0,0,0,0,0,0,0,0,0,0,0,0,0,0,0,0,0,0,0,0,0,0,1,0,0,0,0,1,0,0,0,0,0,1,0,0,1,1,1,0,0,0,0,0,0,0,0,0,0,0,0,0,0,0,0,0,0,0,0,0,0,0,1,1,1,1,0,0,0,1,0,1,1,0,1,1,0,1,1,1,0,1,0,1,1,0,0,1,0,0,0,1,0,0,1,1,1,1,0,0,0,1,1,1,0,0,0,1,0,0,0,0,0,0,0,0,0,0,0,0,0,0,1,1,1,1,1,0,1,0,1,2,0,1,1,1,0,0,0,0,0,0,0,9,0,0,0,0,0,0,0,0,0,0,0,0,0,0,0,1,0,0,0,0,0,1,1,0,0,1,0,0,0,0,0,0,0,0,0,0,1,0,1,1,1,0,0,0,0,1,0,0,0,1,0,1,0,0,1,1,1,1,0,0,0,0,0,0,0,0,1,0,0,0,0,0,1,0,0,1,1,1,0,0,0,0,1,0,1,0,0,1,0,0,0,0,0,0,0,0,3,1,1,1,0,0,0,0,0,1,0,0,1,0,1,1,1,1,0
"Verrucomicrobia",21,36,475,34,14,21,78,169,100,164,128,41,95,75,54,346,27,164,193,12,8,23,33,88,46,29,14,39,76,14,28,33,34,44,61,247,24,50,27,28,18,53,31,24,9,41,34,36,53,26,41,80,16,111,300,73,55,42,155,90,25,38,54,51,71,28,569,93,27,19,19,139,87,71,16,67,27,63,132,57,60,61,192,72,50,95,22,41,74,55,97,41,33,80,51,92,43,44,63,27,30,33,139,198,44,24,51,50,74,51,28,35,26,67,84,93,84,190,78,326,18,378,49,40,73,64,23,85,86,18,16,21,13,31,11,3,15,42,106,82,17,81,27,43,22,131,94,20,19,29,25,46,32,52,23,84,100,45,45,32,109,40,72,127,100,58,17,10,22,11,6,21,32,42,248,24,24,30,44,21,28,32,76,43,30,33,37,28,43,9,108,41,40,157,92,36,164,24,6,40,35,35,10,18,27,75,34,41,23,12,34,44,10,94,28,18,35,23,69,40,101,22,47,48,8,10,11,13,3,501,9,31,30,11,21,84,7,36,3,154,89,15,6,11,14,37,19,14,16,37,24,7,15,33,30,87,92,88,11,27,22,18,39,140,94,146,61,178,36,78,19,133,196,17,46,53,119,108,11,27,28,40,34,28,16,7,97,6,153,14,27,23,12,14,1,50,10,45,16,324,16,23,191,15,3,79,5,23,10,5,11,12,41,11,107,12,127,62,97,136,81,17,129,47,8,13,21,30,10,21,48,138,60,31,27,168,39,30,39,40,45,34,30,37,134,43,39,28,61,84,158,131,7,437,83,8,31,8,4,28,30,7,66,17,38,27,57,5,92,54,308,724,11,32,26,8,123,34,113,86,40,33,37,124,128,3,55,21,49,17,90,18,19,21,106,130,7,18,3,24,29,78,18,82,65,151,17,24,11,67,25,42,162,34,19,187,23,13,36,14,79,22,34,114,34,65,10,50,70,39,71,258,88,107,19,11,21,215,32,49,96,21,193,335,34,17,37,61,7,77,31,10,37,45,9,31,6,34,55,158,7,325,28,93,9,79,139,80,51,18,96,13,39,14,26,18,31,18,14,13,38,6,27,11,9,29,9,107,24,42,22,48,19,28,17,170,26,28,214,102,12,25,4,19,50,6,206,15,24,38,264,126,24,47,94,34,25,26,46,115,11,8,33,17,11,99,55,28,9,70,16,17,28,13,14,32,20,67,26,15,28,135,10,29,8,28,41,11,68,37,141,10,52,9,29,67,26,9,9,37,42,51,113,50,18,55,15,21,95,12,26,7,12,240,9,58,35,10,146,26,223,23,43,11,11,121,19,95,428,18,14,62,51,11,17,80,152,50,13,51,21,29,30,24,68,30,10,12,153,231,45,52,72,35,90,14,14,76,22,193,29,28,12,9,20,26,16,28,17,17,48,94,102,23,317,54,41,31,43,79,147,5,7,3,9,25,121,37,83,144,5,24,33,4,1068,65,909,20,40,78,265,477,77,25,180,57,13,229,101,18,828,68,149,90,127,214,37,79,52,9,37,100,55,27,136,80,15,21,20,139,72,7,23,150,138,12,76,118,25,18,33,53,11,12,44,22,8,83,35,55,217,24,85,284,178,38,116,113,38,51,39,18,164,42,86,34,188,21,190,45,22,21,32,148,67,42,39,30,19,16,34,12,25,21,45,56,18,53,39,44,72,215,98,70,107,74,7,61,16,37,36,20,37,47,15,20,30,62,368,14,209,62,724,75,22,36,67,28,32,52,79,26,17,73,33,29,60,114,59,21,255,55,175,271,18,33,51,13,21,16,27,34,20,15,47,10,10,35,192,25,62,63,57,30,21,30,72,60,57,20,81,34,67,14,50,45,14,65,45,69,18,32,27,19,21,227,37,20,22,20,433,356,24,32,28,256,41,22,5,15,13,34,46,10,96,13,24,121,32,49,14,16,26,8,60,272,5,76,17,65,22,33,86
