,age,region,bmi
Sample-1,28,US,obese
Sample-2,24,US,obese
Sample-3,52,US,lean
Sample-5,25,US,lean
Sample-6,42,US,lean
Sample-8,27,US,lean
Sample-9,21,US,lean
Sample-10,25,US,lean
Sample-15,58,US,obese
Sample-16,33,US,obese
Sample-17,28,US,lean
Sample-18,23,US,lean
Sample-19,37,US,lean
Sample-20,37,US,lean
Sample-21,60,US,lean
Sample-22,28,US,lean
Sample-23,52,US,overweight
Sample-24,22,US,lean
Sample-26,54,US,lean
Sample-27,33,CE,obese
Sample-28,39,CE,obese
Sample-29,36,CE,obese
Sample-30,50,CE,obese
Sample-31,54,CE,obese
Sample-32,54,CE,obese
Sample-39,56,NE,overweight
Sample-40,39,NE,lean
Sample-42,53,NE,lean
Sample-43,42,NE,overweight
Sample-44,65,CE,obese
Sample-45,59,CE,obese
Sample-46,36,CE,obese
Sample-47,62,CE,obese
Sample-48,55,CE,obese
Sample-49,60,CE,obese
Sample-50,33,CE,obese
Sample-51,39,CE,obese
Sample-52,36,CE,obese
Sample-53,50,CE,obese
Sample-54,54,CE,obese
Sample-55,26,CE,obese
Sample-56,54,CE,obese
Sample-57,54,CE,obese
Sample-58,49,CE,obese
Sample-59,48,CE,obese
Sample-60,60,CE,obese
Sample-61,65,CE,obese
Sample-62,53,CE,obese
Sample-63,59,CE,obese
Sample-64,73,SE,overweight
Sample-65,63,SE,overweight
Sample-66,66,SE,overweight
Sample-67,63,SE,overweight
Sample-68,65,SE,overweight
Sample-69,62,SE,overweight
Sample-70,77,SE,lean
Sample-71,60,SE,lean
Sample-72,59,SE,overweight
Sample-73,74,SE,lean
Sample-74,75,SE,overweight
Sample-75,70,SE,overweight
Sample-76,75,SE,overweight
Sample-77,75,SE,obese
Sample-78,70,SE,lean
Sample-79,75,SE,obese
Sample-80,76,SE,lean
Sample-81,70,SE,overweight
Sample-82,63,SE,lean
Sample-83,70,SE,obese
Sample-84,76,SE,lean
Sample-85,71,SE,obese
Sample-86,75,SE,overweight
Sample-87,67,SE,lean
Sample-88,26,SE,overweight
Sample-89,25,SE,lean
Sample-90,29,SE,lean
Sample-91,32,SE,lean
Sample-92,27,SE,lean
Sample-94,26,SE,lean
Sample-95,25,SE,lean
Sample-96,37,SE,lean
Sample-97,34,SE,lean
Sample-98,31,SE,lean
Sample-99,38,SE,lean
Sample-100,31,SE,lean
Sample-101,31,SE,lean
Sample-102,37,SE,lean
Sample-103,29,SE,lean
Sample-104,40,SE,lean
Sample-106,52,CE,lean
Sample-107,21,CE,lean
Sample-108,55,CE,lean
Sample-109,58,CE,lean
Sample-110,65,CE,lean
Sample-111,52,CE,lean
Sample-112,23,CE,lean
Sample-113,50,CE,lean
Sample-115,54,CE,lean
Sample-116,23,CE,lean
Sample-117,60,CE,lean
Sample-118,52,CE,lean
Sample-119,46,CE,overweight
Sample-120,56,CE,lean
Sample-121,52,CE,lean
Sample-122,59,CE,lean
Sample-124,63,CE,overweight
Sample-125,23,CE,lean
Sample-126,50,CE,lean
Sample-128,64,CE,lean
Sample-129,58,CE,lean
Sample-130,60,CE,lean
Sample-132,27,CE,lean
Sample-133,53,CE,lean
Sample-134,38,CE,overweight
Sample-135,58,CE,lean
Sample-136,51,CE,lean
Sample-137,25,CE,lean
Sample-138,30,CE,lean
Sample-139,21,CE,lean
Sample-140,31,CE,lean
Sample-141,31,CE,lean
Sample-142,65,CE,obese
Sample-143,58,CE,overweight
Sample-144,49,CE,lean
Sample-145,48,CE,lean
Sample-146,62,CE,overweight
Sample-147,26,CE,overweight
Sample-148,23,CE,lean
Sample-151,25,CE,lean
Sample-152,22,CE,lean
Sample-153,28,CE,lean
Sample-154,34,CE,lean
Sample-155,22,CE,lean
Sample-156,29,CE,lean
Sample-157,47,CE,overweight
Sample-158,30,CE,overweight
Sample-159,37,CE,lean
Sample-160,25,CE,lean
Sample-161,27,CE,lean
Sample-162,22,CE,lean
Sample-163,26,CE,lean
Sample-164,46,CE,obese
Sample-165,43,CE,lean
Sample-166,26,CE,lean
Sample-167,31,CE,lean
Sample-168,22,CE,lean
Sample-169,23,CE,lean
Sample-170,27,CE,lean
Sample-171,22,CE,lean
Sample-172,26,CE,lean
Sample-173,25,CE,lean
Sample-174,23,CE,lean
Sample-175,20,CE,lean
Sample-176,43,CE,lean
Sample-177,23,CE,lean
Sample-178,52,CE,lean
Sample-179,30,CE,overweight
Sample-180,29,CE,overweight
Sample-181,25,CE,lean
Sample-183,23,CE,obese
Sample-184,40,CE,lean
Sample-185,27,CE,lean
Sample-186,53,CE,lean
Sample-187,55,CE,lean
Sample-188,48,CE,lean
Sample-189,44,CE,lean
Sample-190,34,CE,lean
Sample-191,52,CE,lean
Sample-192,45,CE,lean
Sample-193,22,CE,lean
Sample-194,49,CE,overweight
Sample-196,48,CE,overweight
Sample-197,47,CE,lean
Sample-198,46,CE,overweight
Sample-199,62,CE,overweight
Sample-200,20,CE,lean
Sample-201,34,CE,lean
Sample-202,24,CE,overweight
Sample-203,63,CE,overweight
Sample-204,40,CE,lean
Sample-205,21,CE,lean
Sample-206,26,CE,overweight
Sample-207,37,CE,lean
Sample-208,28,CE,lean
Sample-209,52,CE,lean
Sample-210,46,CE,lean
Sample-211,43,CE,lean
Sample-212,51,CE,lean
Sample-213,35,NE,lean
Sample-214,26,NE,lean
Sample-215,24,NE,overweight
Sample-217,42,NE,obese
Sample-218,34,NE,obese
Sample-219,40,NE,obese
Sample-220,61,NE,obese
Sample-221,46,NE,obese
Sample-222,52,NE,obese
Sample-223,38,NE,obese
Sample-224,59,NE,obese
Sample-225,49,NE,obese
Sample-226,60,NE,obese
Sample-227,45,NE,obese
Sample-228,53,NE,obese
Sample-229,56,NE,obese
Sample-230,61,NE,obese
Sample-231,55,NE,obese
Sample-232,32,NE,obese
Sample-233,45,NE,obese
Sample-234,54,NE,obese
Sample-235,56,NE,obese
Sample-236,56,NE,obese
Sample-237,40,NE,obese
Sample-238,58,NE,obese
Sample-239,63,NE,overweight
Sample-240,55,NE,obese
Sample-241,42,NE,obese
Sample-242,52,NE,obese
Sample-243,51,NE,overweight
Sample-244,50,NE,obese
Sample-245,31,NE,obese
Sample-246,52,NE,obese
Sample-247,54,NE,lean
Sample-248,46,NE,lean
Sample-249,34,NE,overweight
Sample-250,43,NE,lean
Sample-251,37,NE,lean
Sample-281,24,CE,lean
Sample-282,24,CE,lean
Sample-283,26,CE,lean
Sample-284,21,CE,lean
Sample-285,20,CE,lean
Sample-286,23,CE,lean
Sample-287,23,CE,lean
Sample-288,24,CE,lean
Sample-289,25,CE,lean
Sample-290,51,CE,lean
Sample-291,19,CE,lean
Sample-292,29,CE,lean
Sample-293,26,CE,lean
Sample-294,24,CE,lean
Sample-295,20,CE,lean
Sample-296,25,CE,obese
Sample-297,26,CE,lean
Sample-298,37,CE,lean
Sample-299,20,CE,lean
Sample-300,23,CE,lean
Sample-301,43,CE,overweight
Sample-302,20,CE,lean
Sample-303,46,CE,lean
Sample-304,20,CE,lean
Sample-305,21,CE,lean
Sample-307,49,CE,lean
Sample-308,20,CE,lean
Sample-311,31,NE,overweight
Sample-313,37,NE,lean
Sample-314,31,NE,lean
Sample-315,56,CE,overweight
Sample-316,39,CE,obese
Sample-317,48,CE,lean
Sample-318,44,CE,lean
Sample-319,44,CE,obese
Sample-320,71,CE,overweight
Sample-321,49,CE,obese
Sample-322,57,CE,overweight
Sample-323,25,CE,lean
Sample-324,52,CE,lean
Sample-325,47,CE,obese
Sample-326,63,CE,overweight
Sample-327,51,CE,overweight
Sample-328,49,CE,obese
Sample-329,46,CE,obese
Sample-330,58,CE,overweight
Sample-331,49,CE,overweight
Sample-332,48,CE,lean
Sample-333,33,CE,obese
Sample-334,32,CE,obese
Sample-335,53,CE,overweight
Sample-336,42,CE,lean
Sample-337,20,CE,lean
Sample-338,19,CE,overweight
Sample-339,20,CE,lean
Sample-340,18,CE,lean
Sample-341,42,CE,obese
Sample-342,21,CE,overweight
Sample-343,49,CE,lean
Sample-344,26,CE,overweight
Sample-345,20,CE,lean
Sample-346,21,CE,lean
Sample-347,19,CE,lean
Sample-348,19,CE,overweight
Sample-349,27,CE,obese
Sample-350,21,CE,lean
Sample-351,37,CE,obese
Sample-352,24,CE,obese
Sample-353,49,CE,obese
Sample-354,53,CE,obese
Sample-355,50,CE,overweight
Sample-356,59,CE,obese
Sample-357,51,CE,obese
Sample-358,52,CE,overweight
Sample-359,61,CE,obese
Sample-360,45,CE,obese
Sample-361,49,CE,obese
Sample-362,48,CE,obese
Sample-363,50,CE,obese
Sample-364,36,CE,obese
Sample-365,42,CE,obese
Sample-366,52,CE,obese
Sample-367,45,CE,obese
Sample-368,36,CE,obese
Sample-369,61,CE,obese
Sample-370,57,CE,obese
Sample-371,51,CE,obese
Sample-372,43,CE,obese
Sample-373,42,CE,obese
Sample-374,57,CE,obese
Sample-375,45,CE,obese
Sample-376,40,CE,obese
Sample-377,62,CE,obese
Sample-378,35,CE,obese
Sample-379,53,CE,obese
Sample-380,53,CE,obese
Sample-381,34,CE,obese
Sample-382,37,CE,obese
Sample-383,43,CE,obese
Sample-384,53,CE,obese
Sample-385,30,CE,obese
Sample-386,32,SE,lean
Sample-387,25,SE,lean
Sample-388,63,SE,overweight
Sample-389,37,SE,lean
Sample-390,62,SE,obese
Sample-391,66,SE,overweight
Sample-392,61,SE,lean
Sample-393,46,SE,lean
Sample-394,41,SE,lean
Sample-395,56,SE,overweight
Sample-396,31,SE,lean
Sample-397,34,SE,lean
Sample-398,19,SE,lean
Sample-399,54,SE,lean
Sample-400,32,SE,lean
Sample-402,20,SE,lean
Sample-403,55,SE,obese
Sample-404,26,SE,lean
Sample-405,32,SE,lean
Sample-406,38,SE,lean
Sample-407,33,SE,overweight
Sample-408,37,SE,lean
Sample-409,19,SE,lean
Sample-410,22,SE,overweight
Sample-411,32,SE,obese
Sample-412,49,CE,overweight
Sample-413,59,CE,overweight
Sample-414,59,CE,obese
Sample-415,59,CE,lean
Sample-416,69,CE,obese
Sample-417,59,CE,lean
Sample-418,64,CE,obese
Sample-419,59,CE,lean
Sample-420,54,CE,lean
Sample-421,64,CE,lean
Sample-422,49,CE,obese
Sample-423,44,CE,lean
Sample-424,64,CE,lean
Sample-425,44,CE,lean
Sample-426,69,CE,lean
Sample-427,54,CE,obese
Sample-428,49,CE,lean
Sample-429,44,CE,lean
Sample-430,54,CE,lean
Sample-431,49,CE,lean
Sample-432,64,CE,lean
Sample-433,59,CE,overweight
Sample-434,54,CE,lean
Sample-435,44,CE,obese
Sample-436,49,CE,overweight
Sample-437,49,CE,obese
Sample-438,49,CE,obese
Sample-439,49,CE,lean
Sample-440,59,CE,obese
Sample-441,54,CE,obese
Sample-442,54,CE,lean
Sample-443,59,CE,obese
Sample-444,64,CE,lean
Sample-445,69,CE,obese
Sample-446,49,CE,obese
Sample-447,59,CE,obese
Sample-448,54,CE,lean
Sample-449,59,CE,overweight
Sample-450,44,CE,lean
Sample-451,54,CE,lean
Sample-452,54,CE,overweight
Sample-453,59,CE,obese
Sample-454,49,CE,lean
Sample-455,45,CE,overweight
Sample-456,64,CE,obese
Sample-457,54,CE,obese
Sample-458,49,CE,lean
Sample-459,64,CE,obese
Sample-460,69,CE,obese
Sample-461,49,CE,lean
Sample-462,49,CE,obese
Sample-463,65,CE,lean
Sample-464,50,CE,obese
Sample-465,60,CE,lean
Sample-466,55,CE,obese
Sample-467,64,CE,obese
Sample-468,59,CE,obese
Sample-469,60,CE,lean
Sample-470,55,CE,lean
Sample-471,59,CE,obese
Sample-472,55,CE,lean
Sample-473,64,CE,overweight
Sample-474,50,CE,obese
Sample-475,50,CE,obese
Sample-476,49,CE,obese
Sample-477,49,CE,obese
Sample-478,64,CE,obese
Sample-479,64,CE,obese
Sample-480,53,CE,obese
Sample-481,55,CE,lean
Sample-482,59,CE,obese
Sample-483,64,CE,obese
Sample-484,69,CE,obese
Sample-485,49,CE,obese
Sample-486,59,CE,obese
Sample-487,53,CE,overweight
Sample-488,54,CE,obese
Sample-489,44,CE,obese
Sample-490,60,CE,lean
Sample-491,54,CE,obese
Sample-492,49,CE,overweight
Sample-493,54,CE,obese
Sample-494,44,CE,obese
Sample-495,69,CE,obese
Sample-496,55,CE,lean
Sample-497,45,CE,obese
Sample-498,59,CE,lean
Sample-499,59,CE,obese
Sample-500,59,CE,obese
Sample-501,65,CE,obese
Sample-502,64,CE,obese
Sample-503,49,CE,obese
Sample-504,65,CE,lean
Sample-505,60,CE,lean
Sample-506,59,CE,obese
Sample-507,44,CE,overweight
Sample-508,54,CE,obese
Sample-509,60,CE,obese
Sample-510,55,CE,lean
Sample-511,45,CE,lean
Sample-512,59,CE,obese
Sample-513,70,CE,lean
Sample-514,65,CE,obese
Sample-515,54,CE,obese
Sample-516,59,CE,obese
Sample-517,40,CE,overweight
Sample-518,49,CE,obese
Sample-519,64,CE,obese
Sample-520,63,CE,overweight
Sample-521,59,CE,overweight
Sample-522,49,CE,obese
Sample-523,60,CE,overweight
Sample-524,49,CE,obese
Sample-525,53,CE,obese
Sample-526,50,CE,lean
Sample-527,64,CE,obese
Sample-528,45,CE,lean
Sample-529,59,CE,obese
Sample-530,50,CE,obese
Sample-531,59,CE,obese
Sample-532,64,CE,obese
Sample-533,49,CE,obese
Sample-534,40,CE,obese
Sample-535,65,CE,obese
Sample-536,64,CE,obese
Sample-537,54,CE,obese
Sample-538,55,CE,lean
Sample-539,44,CE,obese
Sample-540,60,CE,obese
Sample-541,45,CE,overweight
Sample-542,59,CE,obese
Sample-543,70,CE,obese
Sample-544,49,CE,obese
Sample-545,59,CE,obese
Sample-546,50,CE,overweight
Sample-547,50,CE,obese
Sample-548,54,CE,obese
Sample-549,65,CE,overweight
Sample-550,49,CE,obese
Sample-551,50,CE,lean
Sample-552,64,CE,obese
Sample-553,39,CE,obese
Sample-554,59,CE,lean
Sample-555,60,CE,lean
Sample-556,44,CE,obese
Sample-557,55,CE,lean
Sample-558,59,CE,obese
Sample-559,55,CE,lean
Sample-560,59,CE,obese
Sample-561,60,CE,obese
Sample-562,39,CE,obese
Sample-563,50,CE,obese
Sample-564,50,CE,obese
Sample-565,50,CE,obese
Sample-566,54,CE,lean
Sample-567,56,CE,obese
Sample-568,46,CE,lean
Sample-569,60,CE,obese
Sample-570,65,CE,lean
Sample-571,49,CE,lean
Sample-572,54,CE,obese
Sample-573,55,CE,obese
Sample-574,51,CE,lean
Sample-575,55,CE,obese
Sample-576,55,CE,lean
Sample-577,50,CE,obese
Sample-578,56,CE,obese
Sample-579,50,CE,lean
Sample-580,54,CE,obese
Sample-581,54,CE,obese
Sample-582,61,CE,obese
Sample-583,66,CE,obese
Sample-584,61,CE,obese
Sample-585,71,CE,obese
Sample-586,71,CE,obese
Sample-587,51,CE,obese
Sample-588,50,CE,lean
Sample-589,55,CE,lean
Sample-590,61,CE,lean
Sample-591,56,CE,obese
Sample-592,70,CE,obese
Sample-593,60,CE,obese
Sample-594,51,CE,overweight
Sample-595,60,CE,lean
Sample-596,56,CE,lean
Sample-597,45,CE,lean
Sample-598,61,CE,obese
Sample-599,56,CE,lean
Sample-600,56,CE,obese
Sample-601,55,CE,lean
Sample-602,50,CE,obese
Sample-603,50,CE,lean
Sample-604,71,CE,lean
Sample-605,60,CE,obese
Sample-606,45,CE,lean
Sample-607,61,CE,obese
Sample-608,65,CE,obese
Sample-610,55,CE,obese
Sample-611,71,CE,lean
Sample-612,56,CE,obese
Sample-613,50,CE,lean
Sample-614,64,CE,obese
Sample-615,53,CE,lean
Sample-616,48,CE,lean
Sample-617,50,CE,overweight
Sample-618,37,CE,lean
Sample-619,53,CE,lean
Sample-620,55,CE,lean
Sample-621,65,CE,overweight
Sample-622,46,CE,overweight
Sample-623,57,CE,obese
Sample-624,51,CE,lean
Sample-625,63,CE,overweight
Sample-626,50,CE,lean
Sample-627,44,CE,lean
Sample-628,53,CE,overweight
Sample-629,63,CE,lean
Sample-630,41,CE,obese
Sample-631,55,CE,overweight
Sample-632,47,CE,lean
Sample-633,49,CE,overweight
Sample-634,45,CE,lean
Sample-635,51,CE,lean
Sample-636,40,CE,obese
Sample-637,60,CE,overweight
Sample-638,53,CE,obese
Sample-639,64,CE,obese
Sample-640,52,CE,obese
Sample-641,47,CE,lean
Sample-642,56,CE,overweight
Sample-643,61,CE,obese
Sample-644,62,CE,lean
Sample-645,57,CE,lean
Sample-646,45,CE,obese
Sample-647,61,CE,obese
Sample-648,67,CE,lean
Sample-649,72,CE,lean
Sample-650,46,CE,obese
Sample-651,56,CE,obese
Sample-652,62,CE,obese
Sample-653,51,CE,obese
Sample-654,66,CE,obese
Sample-655,62,CE,lean
Sample-656,51,CE,overweight
Sample-657,67,CE,obese
Sample-658,56,CE,obese
Sample-659,57,CE,lean
Sample-660,62,CE,lean
Sample-661,51,CE,obese
Sample-662,66,CE,obese
Sample-663,56,CE,obese
Sample-664,62,CE,lean
Sample-665,62,CE,lean
Sample-666,47,CE,obese
Sample-667,51,CE,obese
Sample-668,57,CE,overweight
Sample-669,61,CE,obese
Sample-670,61,CE,obese
Sample-671,50,CE,obese
Sample-672,57,CE,lean
Sample-673,71,CE,obese
Sample-674,72,CE,lean
Sample-675,46,CE,overweight
Sample-676,56,CE,obese
Sample-677,57,CE,lean
Sample-678,52,CE,lean
Sample-679,52,CE,lean
Sample-680,60,CE,obese
Sample-681,61,CE,obese
Sample-682,66,CE,obese
Sample-683,51,CE,obese
Sample-684,51,CE,obese
Sample-685,62,CE,lean
Sample-686,62,CE,obese
Sample-687,46,CE,lean
Sample-688,61,CE,lean
Sample-689,40,CE,obese
Sample-690,60,CE,obese
Sample-691,50,CE,obese
Sample-692,70,CE,obese
Sample-693,61,CE,lean
Sample-694,61,CE,obese
Sample-695,56,CE,overweight
Sample-696,61,CE,lean
Sample-697,50,CE,obese
Sample-698,67,CE,obese
Sample-699,62,SE,obese
Sample-700,68,SE,overweight
Sample-701,41,SE,lean
Sample-702,49,SE,overweight
Sample-703,18,SE,lean
Sample-704,46,SE,overweight
Sample-705,36,SE,lean
Sample-706,51,SE,overweight
Sample-707,48,SE,overweight
Sample-708,25,SE,lean
Sample-709,63,SE,overweight
Sample-710,37,SE,lean
Sample-711,38,SE,lean
Sample-712,19,SE,lean
Sample-713,22,SE,overweight
Sample-714,32,SE,obese
Sample-737,55,US,overweight
Sample-738,62,US,overweight
Sample-739,61,US,overweight
Sample-740,53,US,lean
Sample-741,57,US,obese
Sample-742,52,US,overweight
Sample-743,52,US,obese
Sample-744,55,US,overweight
Sample-745,53,US,obese
Sample-746,55,US,overweight
Sample-747,51,US,lean
Sample-748,59,US,obese
Sample-749,57,NE,overweight
Sample-750,55,NE,lean
Sample-751,49,NE,obese
Sample-752,26,NE,lean
Sample-753,28,NE,lean
Sample-754,28,NE,lean
Sample-755,29,NE,overweight
Sample-756,27,NE,lean
Sample-757,23,NE,lean
Sample-758,22,NE,lean
Sample-770,35,NE,lean
Sample-771,26,CE,lean
Sample-772,52,NE,lean
Sample-773,45,NE,lean
Sample-774,41,NE,lean
Sample-775,46,NE,overweight
Sample-776,52,NE,overweight
Sample-777,55,NE,overweight
Sample-778,53,NE,lean
Sample-779,54,NE,obese
Sample-780,23,NE,overweight
Sample-781,46,NE,overweight
Sample-782,38,NE,lean
Sample-783,48,NE,lean
Sample-784,54,NE,lean
Sample-785,28,NE,lean
Sample-786,51,NE,overweight
Sample-787,41,NE,lean
Sample-789,46,NE,lean
Sample-790,27,NE,lean
Sample-791,34,NE,overweight
Sample-792,53,NE,lean
Sample-793,55,NE,lean
Sample-794,43,NE,lean
Sample-795,44,NE,overweight
Sample-796,33,NE,overweight
Sample-797,37,NE,lean
Sample-798,47,NE,overweight
Sample-799,31,NE,lean
Sample-800,52,NE,lean
Sample-801,50,NE,overweight
Sample-802,37,NE,lean
Sample-803,25,NE,lean
Sample-804,34,NE,lean
Sample-805,34,NE,lean
Sample-806,53,NE,obese
Sample-807,45,NE,lean
Sample-808,55,NE,lean
Sample-809,25,NE,lean
Sample-810,28,NE,lean
Sample-811,54,NE,overweight
Sample-812,35,NE,lean
Sample-813,29,NE,lean
Sample-814,50,NE,overweight
Sample-815,27,NE,lean
Sample-816,49,NE,lean
Sample-817,52,NE,lean
Sample-818,30,NE,lean
Sample-819,40,NE,lean
Sample-820,45,NE,lean
Sample-821,53,NE,lean
Sample-822,39,NE,lean
Sample-823,55,NE,lean
Sample-824,27,NE,lean
Sample-825,30,NE,lean
Sample-826,43,NE,lean
Sample-827,35,NE,lean
Sample-828,51,NE,lean
Sample-829,46,NE,overweight
Sample-830,40,NE,lean
Sample-831,56,NE,overweight
Sample-832,42,NE,lean
Sample-833,51,NE,obese
Sample-834,47,NE,lean
Sample-835,45,NE,lean
Sample-836,39,NE,lean
Sample-837,53,NE,lean
Sample-838,40,NE,lean
Sample-839,51,NE,overweight
Sample-840,54,NE,overweight
Sample-841,27,NE,lean
Sample-842,54,NE,overweight
Sample-844,44,NE,lean
Sample-845,30,NE,lean
Sample-846,43,NE,lean
Sample-847,50,NE,overweight
Sample-848,20,NE,lean
Sample-849,20,NE,lean
Sample-850,20,NE,overweight
Sample-851,20,NE,lean
Sample-852,26,NE,overweight
Sample-853,22,NE,lean
Sample-854,25,NE,lean
Sample-855,28,NE,lean
Sample-856,29,NE,lean
Sample-857,21,NE,lean
Sample-858,23,NE,lean
Sample-859,24,NE,lean
Sample-860,26,NE,overweight
Sample-861,21,NE,lean
Sample-862,21,NE,lean
Sample-863,36,NE,lean
Sample-864,39,NE,overweight
Sample-865,19,NE,lean
Sample-866,21,NE,overweight
Sample-867,33,NE,overweight
Sample-868,26,NE,lean
Sample-869,26,CE,lean
Sample-870,24,NE,lean
Sample-871,35,NE,lean
Sample-872,26,CE,lean
Sample-873,24,NE,lean
Sample-874,28,NE,overweight
Sample-875,30,SE,lean
Sample-876,37,CE,obese
Sample-877,36,CE,overweight
Sample-878,29,SE,lean
Sample-895,46,NE,overweight
Sample-896,47,NE,lean
Sample-897,40,NE,lean
Sample-898,58,NE,overweight
Sample-899,39,NE,lean
Sample-900,24,NE,lean
Sample-902,45,NE,lean
Sample-903,57,NE,lean
Sample-904,58,NE,lean
Sample-905,57,NE,lean
Sample-906,53,NE,lean
Sample-921,43,CE,overweight
Sample-922,43,CE,lean
Sample-923,43,CE,lean
Sample-924,43,CE,obese
Sample-925,43,CE,lean
Sample-926,43,CE,obese
Sample-927,43,CE,obese
Sample-928,41,CE,lean
Sample-929,37,CE,lean
Sample-930,37,CE,overweight
Sample-931,37,CE,lean
Sample-932,38,CE,lean
Sample-933,38,CE,overweight
Sample-934,37,CE,lean
Sample-935,37,CE,lean
Sample-936,36,CE,lean
Sample-937,35,CE,lean
Sample-938,35,CE,lean
Sample-939,35,CE,lean
Sample-940,35,CE,lean
Sample-941,35,CE,lean
Sample-942,35,CE,lean
Sample-943,33,CE,obese
Sample-944,33,CE,obese
Sample-945,32,CE,lean
Sample-946,33,CE,lean
Sample-947,33,CE,lean
Sample-948,33,CE,overweight
Sample-949,33,CE,lean
Sample-950,33,CE,lean
Sample-951,33,CE,lean
Sample-952,33,CE,lean
Sample-953,32,CE,lean
Sample-954,32,CE,lean
Sample-955,32,CE,lean
Sample-956,32,CE,lean
Sample-957,30,CE,lean
Sample-958,30,CE,lean
Sample-959,30,CE,overweight
Sample-960,30,CE,overweight
Sample-961,30,CE,overweight
Sample-962,30,CE,lean
Sample-963,28,CE,lean
Sample-964,28,CE,overweight
Sample-965,25,CE,lean
Sample-966,25,CE,lean
Sample-967,25,CE,lean
Sample-968,25,CE,lean
Sample-969,24,CE,lean
Sample-970,24,CE,lean
Sample-971,24,CE,lean
Sample-972,24,CE,lean
Sample-973,22,CE,lean
Sample-974,22,CE,lean
Sample-975,22,CE,lean
Sample-976,22,CE,lean
Sample-977,21,CE,lean
Sample-978,21,CE,lean
Sample-979,19,CE,lean
Sample-980,19,CE,overweight
Sample-981,23,CE,lean
Sample-982,19,CE,overweight
Sample-983,19,CE,lean
Sample-991,41,NE,lean
Sample-992,35,NE,lean
Sample-993,26,CE,lean
Sample-994,33,NE,overweight
Sample-995,43,NE,overweight
Sample-996,36,NE,overweight
Sample-997,31,NE,overweight
Sample-998,25,NE,overweight
Sample-999,37,NE,lean
Sample-1000,26,NE,overweight
Sample-1001,20,NE,lean
Sample-1002,40,NE,lean
Sample-1003,26,NE,obese
Sample-1004,45,NE,lean
Sample-1005,26,NE,overweight
Sample-1006,23,NE,lean
